Packet_Count,Duration_sec,Num_Distinct_Dst_Ports,Mean_TTL,StdDev_TTL,Initial_TTL,Protocol_Diversity,Label,SYN_Ratio,ACK_Ratio,FIN_Ratio,RST_Ratio,PSH_Ratio,URG_Ratio,NULL_Ratio,SynAck_Ratio,UDP_Packet_Count,UDP_Payload_Avg,Protocol_1,Protocol_2,Protocol_6,Protocol_17
400,1.116191,201,55.81,9.527008974489318,50,1,1,0.0,0.4975,0.5025,0.4975,0.5025,0.5025,0.0,0.0,0.0,0.0,0,0,1,0
400,1.108619,201,56.065,9.122816177036563,42,1,1,0.0,0.4975,0.5025,0.4975,0.5025,0.5025,0.0,0.0,0.0,0.0,0,0,1,0
400,1.116795,201,56.05,9.2939496447958,37,1,1,0.0,0.4975,0.5025,0.4975,0.5025,0.5025,0.0,0.0,0.0,0.0,0,0,1,0
400,1.108754,201,55.91,9.213137359227854,38,1,1,0.0,0.4975,0.5025,0.4975,0.5025,0.5025,0.0,0.0,0.0,0.0,0,0,1,0
9,7.986480,1,64.0,0.0,64,1,1,0.0,0.0,0.0,0.0,0.0,0.0,0.0,0.0,9.0,74.0,0,0,0,1
3,5.219761,1,64.0,0.0,64,2,1,0.0,0.0,0.0,0.0,0.0,0.0,0.0,0.0,2.0,50.0,0,0,0,1
2,5.219778,2,64.0,0.0,64,1,1,0.0,0.0,0.0,0.0,0.0,0.0,0.0,0.0,2.0,121.0,0,0,0,1
1,0.001,1,64.0,0.0,64,1,1,0.0,1.0,0.0,0.0,0.0,0.0,0.0,0.0,0.0,0.0,0,0,1,0
1,0.001,1,120.0,0.0,120,1,1,0.0,1.0,0.0,0.0,0.0,0.0,0.0,0.0,0.0,0.0,0,0,1,0
1,0.001,1,64.0,0.0,64,1,1,0.0,0.0,0.0,0.0,0.0,0.0,0.0,0.0,1.0,43.0,0,0,0,1
1,0.001,1,64.0,0.0,64,1,1,0.0,0.0,0.0,0.0,0.0,0.0,0.0,0.0,1.0,43.0,0,0,0,1
2,0.015170,1,58.0,0.0,58,1,1,0.0,1.0,0.0,0.0,0.5,0.0,0.0,0.0,0.0,0.0,0,0,1,0
2,0.000088,1,64.0,0.0,64,1,1,0.0,1.0,0.0,0.0,0.5,0.0,0.0,0.0,0.0,0.0,0,0,1,0
3,0.029183,1,58.0,0.0,58,1,1,0.0,1.0,0.0,0.0,0.3333333333333333,0.0,0.0,0.0,0.0,0.0,0,0,1,0
2,0.000133,1,64.0,0.0,64,1,1,0.0,1.0,0.0,0.0,0.5,0.0,0.0,0.0,0.0,0.0,0,0,1,0
9,7.988229,1,64.0,0.0,64,1,1,0.0,0.0,0.0,0.0,0.0,0.0,0.0,0.0,9.0,74.0,0,0,0,1
5,4.605383,1,64.0,0.0,64,2,1,0.0,0.0,0.0,0.0,0.0,0.0,0.0,0.0,0.0,0.0,1,0,0,0
2,4.605682,2,64.0,0.0,64,1,1,0.0,0.0,0.0,0.0,0.0,0.0,0.0,0.0,2.0,121.0,0,0,0,1
3,1.540605,1,64.0,0.0,64,1,1,0.0,0.0,0.0,0.0,0.0,0.0,0.0,0.0,3.0,39.0,0,0,0,1
3,1.552215,3,64.0,0.0,64,1,1,0.0,0.0,0.0,0.0,0.0,0.0,0.0,0.0,3.0,61.0,0,0,0,1
1,0.001,0,1.0,0.0,1,1,1,0.0,0.0,0.0,0.0,0.0,0.0,0.0,0.0,0.0,0.0,0,1,0,0
14,0.194115,1,64.0,0.0,64,1,1,0.0,0.0,0.0,0.0,0.0,0.0,0.0,0.0,14.0,559.2142857142857,0,0,0,1
19,0.218508,1,57.0,0.0,57,1,1,0.0,0.0,0.0,0.0,0.0,0.0,0.0,0.0,19.0,381.7894736842105,0,0,0,1
1,0.001,0,1.0,0.0,1,1,1,0.0,0.0,0.0,0.0,0.0,0.0,0.0,0.0,0.0,0.0,0,1,0,0
2,0.194938,1,64.0,0.0,64,1,1,0.0,1.0,0.0,0.0,0.5,0.0,0.0,0.0,0.0,0.0,0,0,1,0
2,0.113038,1,52.0,0.0,52,1,1,0.0,1.0,0.0,0.0,0.5,0.0,0.0,0.0,0.0,0.0,0,0,1,0
9,7.987028,1,64.0,0.0,64,1,1,0.0,0.0,0.0,0.0,0.0,0.0,0.0,0.0,9.0,74.0,0,0,0,1
3,0.013000,1,247.0,0.0,247,1,1,0.0,1.0,0.0,0.0,0.3333333333333333,0.0,0.0,0.0,0.0,0.0,0,0,1,0
2,0.000529,1,64.0,0.0,64,1,1,0.0,1.0,0.0,0.0,0.5,0.0,0.0,0.0,0.0,0.0,0,0,1,0
3,5.119348,1,64.0,0.0,64,2,1,0.0,0.0,0.0,0.0,0.0,0.0,0.0,0.0,2.0,50.0,0,0,0,1
2,5.119445,2,64.0,0.0,64,1,1,0.0,0.0,0.0,0.0,0.0,0.0,0.0,0.0,2.0,121.0,0,0,0,1
3,0.185536,1,55.0,0.0,55,1,1,0.0,1.0,0.0,0.0,0.3333333333333333,0.0,0.0,0.0,0.0,0.0,0,0,1,0
3,0.110995,1,64.0,0.0,64,1,1,0.0,1.0,0.0,0.0,0.6666666666666666,0.0,0.0,0.0,0.0,0.0,0,0,1,0
1,0.001,1,64.0,0.0,64,1,1,0.0,0.0,0.0,0.0,0.0,0.0,0.0,0.0,1.0,43.0,0,0,0,1
1,0.001,1,64.0,0.0,64,1,1,0.0,0.0,0.0,0.0,0.0,0.0,0.0,0.0,1.0,43.0,0,0,0,1
3,0.016624,1,58.0,0.0,58,1,1,0.0,1.0,0.0,0.0,0.3333333333333333,0.0,0.0,0.0,0.0,0.0,0,0,1,0
2,0.000164,1,64.0,0.0,64,1,1,0.0,1.0,0.0,0.0,0.5,0.0,0.0,0.0,0.0,0.0,0,0,1,0
9,7.987234,1,64.0,0.0,64,1,1,0.0,0.0,0.0,0.0,0.0,0.0,0.0,0.0,9.0,74.0,0,0,0,1
3,5.017994,1,64.0,0.0,64,2,1,0.0,0.0,0.0,0.0,0.0,0.0,0.0,0.0,2.0,50.0,0,0,0,1
2,5.017926,2,64.0,0.0,64,1,1,0.0,0.0,0.0,0.0,0.0,0.0,0.0,0.0,2.0,121.0,0,0,0,1
2,0.000001,1,55.0,0.0,55,1,1,0.0,0.0,0.0,0.0,0.0,0.0,0.0,0.0,2.0,70.0,0,0,0,1
1,0.001,0,64.0,0.0,64,1,1,0.0,0.0,0.0,0.0,0.0,0.0,0.0,0.0,0.0,0.0,1,0,0,0
2,0.012588,1,58.0,0.0,58,1,1,0.0,1.0,0.0,0.0,0.5,0.0,0.0,0.0,0.0,0.0,0,0,1,0
2,0.000128,1,64.0,0.0,64,1,1,0.0,1.0,0.0,0.0,0.5,0.0,0.0,0.0,0.0,0.0,0,0,1,0
1,0.001,1,64.0,0.0,64,1,1,0.0,0.0,0.0,0.0,0.0,0.0,0.0,0.0,1.0,43.0,0,0,0,1
1,0.001,1,64.0,0.0,64,1,1,0.0,0.0,0.0,0.0,0.0,0.0,0.0,0.0,1.0,43.0,0,0,0,1
2,0.013015,1,247.0,0.0,247,1,1,0.0,1.0,0.0,0.0,0.5,0.0,0.0,0.0,0.0,0.0,0,0,1,0
2,0.000466,1,64.0,0.0,64,1,1,0.0,1.0,0.0,0.0,0.5,0.0,0.0,0.0,0.0,0.0,0,0,1,0
2,0.187175,1,55.0,0.0,55,1,1,0.0,1.0,0.0,0.0,0.5,0.0,0.0,0.0,0.0,0.0,0,0,1,0
2,0.111751,1,64.0,0.0,64,1,1,0.0,1.0,0.0,0.0,0.5,0.0,0.0,0.0,0.0,0.0,0,0,1,0
403,0.017182,400,159.73697270471465,95.49970598874752,255,1,1,0.4987593052109181,0.5037220843672456,0.0,0.49627791563275436,0.0,0.0,0.0,0.9901477832512315,0.0,0.0,0,0,1,0
9,4.096289,1,255.0,0.0,255,1,1,0.0,0.0,0.0,0.0,0.0,0.0,0.0,0.0,9.0,143.0,0,0,0,1
1,0.001,1,64.0,0.0,64,1,1,0.0,1.0,0.0,0.0,0.0,0.0,0.0,0.0,0.0,0.0,0,0,1,0
8,7.073381,1,64.0,0.0,64,1,1,0.0,0.0,0.0,0.0,0.0,0.0,0.0,0.0,8.0,74.0,0,0,0,1
1,0.001,1,120.0,0.0,120,1,1,0.0,1.0,0.0,0.0,0.0,0.0,0.0,0.0,0.0,0.0,0,0,1,0
4,3.792150,1,55.0,0.0,55,1,1,0.0,0.0,0.0,0.0,0.0,0.0,0.0,0.0,4.0,70.0,0,0,0,1
2,3.792203,0,64.0,0.0,64,1,1,0.0,0.0,0.0,0.0,0.0,0.0,0.0,0.0,0.0,0.0,1,0,0,0
2,0.179865,1,55.0,0.0,55,1,1,0.0,1.0,0.0,0.0,0.5,0.0,0.0,0.0,0.0,0.0,0,0,1,0
2,0.104205,1,64.0,0.0,64,1,1,0.0,1.0,0.0,0.0,0.5,0.0,0.0,0.0,0.0,0.0,0,0,1,0
2,0.011628,1,58.0,0.0,58,1,1,0.0,1.0,0.0,0.0,0.5,0.0,0.0,0.0,0.0,0.0,0,0,1,0
2,0.000145,1,64.0,0.0,64,1,1,0.0,1.0,0.0,0.0,0.5,0.0,0.0,0.0,0.0,0.0,0,0,1,0
4,4.384837,1,64.0,0.0,64,2,1,0.0,0.0,0.0,0.0,0.0,0.0,0.0,0.0,2.0,50.0,0,0,0,1
2,4.384880,2,64.0,0.0,64,1,1,0.0,0.0,0.0,0.0,0.0,0.0,0.0,0.0,2.0,121.0,0,0,0,1
3,0.014364,1,58.0,0.0,58,1,1,0.0,1.0,0.0,0.0,0.3333333333333333,0.0,0.0,0.0,0.0,0.0,0,0,1,0
2,0.000096,1,64.0,0.0,64,1,1,0.0,1.0,0.0,0.0,0.5,0.0,0.0,0.0,0.0,0.0,0,0,1,0
2,0.544405,1,64.0,0.0,64,1,1,0.0,0.0,0.0,0.0,0.0,0.0,0.0,0.0,2.0,36.5,0,0,0,1
2,0.543591,2,64.0,0.0,64,1,1,0.0,0.0,0.0,0.0,0.0,0.0,0.0,0.0,2.0,36.5,0,0,0,1
4,7.451056,2,58.0,0.0,58,1,1,0.0,1.0,0.0,0.0,0.5,0.0,0.0,0.0,0.0,0.0,0,0,1,0
4,7.439281,1,64.0,0.0,64,1,1,0.0,1.0,0.0,0.0,0.5,0.0,0.0,0.0,0.0,0.0,0,0,1,0
2,0.014057,1,58.0,0.0,58,1,1,0.0,1.0,0.0,0.0,0.5,0.0,0.0,0.0,0.0,0.0,0,0,1,0
2,0.000121,1,64.0,0.0,64,1,1,0.0,1.0,0.0,0.0,0.5,0.0,0.0,0.0,0.0,0.0,0,0,1,0
8,6.981644,1,64.0,0.0,64,1,1,0.0,0.0,0.0,0.0,0.0,0.0,0.0,0.0,8.0,74.0,0,0,0,1
4,5.631607,1,64.0,0.0,64,2,1,0.0,0.0,0.0,0.0,0.0,0.0,0.0,0.0,2.0,50.0,0,0,0,1
2,5.631697,2,64.0,0.0,64,1,1,0.0,0.0,0.0,0.0,0.0,0.0,0.0,0.0,2.0,121.0,0,0,0,1
1,0.001,1,64.0,0.0,64,1,1,0.0,1.0,0.0,0.0,0.0,0.0,0.0,0.0,0.0,0.0,0,0,1,0
1,0.001,1,52.0,0.0,52,1,1,0.0,1.0,0.0,0.0,0.0,0.0,0.0,0.0,0.0,0.0,0,0,1,0
2,0.544310,1,64.0,0.0,64,1,1,0.0,0.0,0.0,0.0,0.0,0.0,0.0,0.0,2.0,36.5,0,0,0,1
2,0.538485,2,64.0,0.0,64,1,1,0.0,0.0,0.0,0.0,0.0,0.0,0.0,0.0,2.0,36.5,0,0,0,1
1,0.001,1,64.0,0.0,64,1,1,0.0,0.0,0.0,0.0,0.0,0.0,0.0,0.0,1.0,29.0,0,0,0,1
1,0.001,1,60.0,0.0,60,1,1,0.0,0.0,0.0,0.0,0.0,0.0,0.0,0.0,1.0,26.0,0,0,0,1
2,0.189304,1,55.0,0.0,55,1,1,0.0,1.0,0.0,0.0,0.5,0.0,0.0,0.0,0.0,0.0,0,0,1,0
2,0.113843,1,64.0,0.0,64,1,1,0.0,1.0,0.0,0.0,0.5,0.0,0.0,0.0,0.0,0.0,0,0,1,0
1,0.001,1,64.0,0.0,64,1,1,0.0,1.0,0.0,0.0,0.0,0.0,0.0,0.0,0.0,0.0,0,0,1,0
1,0.001,1,52.0,0.0,52,1,1,0.0,1.0,0.0,0.0,0.0,0.0,0.0,0.0,0.0,0.0,0,0,1,0
8,7.065662,1,64.0,0.0,64,1,1,0.0,0.0,0.0,0.0,0.0,0.0,0.0,0.0,8.0,74.0,0,0,0,1
4,5.837204,1,64.0,0.0,64,2,1,0.0,0.0,0.0,0.0,0.0,0.0,0.0,0.0,2.0,50.0,0,0,0,1
2,5.837176,2,64.0,0.0,64,1,1,0.0,0.0,0.0,0.0,0.0,0.0,0.0,0.0,2.0,121.0,0,0,0,1
2,0.546418,1,64.0,0.0,64,1,1,0.0,0.0,0.0,0.0,0.0,0.0,0.0,0.0,2.0,36.5,0,0,0,1
2,0.542344,2,64.0,0.0,64,1,1,0.0,0.0,0.0,0.0,0.0,0.0,0.0,0.0,2.0,36.5,0,0,0,1
2,0.263101,1,64.0,0.0,64,1,1,0.0,1.0,0.0,0.0,0.5,0.0,0.0,0.0,0.0,0.0,0,0,1,0
2,0.182988,1,52.0,0.0,52,1,1,0.0,1.0,0.0,0.0,0.5,0.0,0.0,0.0,0.0,0.0,0,0,1,0
2,0.104219,1,58.0,0.0,58,1,1,0.0,1.0,0.0,0.0,0.5,0.0,0.0,0.0,0.0,0.0,0,0,1,0
2,0.000104,1,64.0,0.0,64,1,1,0.0,1.0,0.0,0.0,0.5,0.0,0.0,0.0,0.0,0.0,0,0,1,0
2,0.015136,1,58.0,0.0,58,1,1,0.0,1.0,0.0,0.0,0.5,0.0,0.0,0.0,0.0,0.0,0,0,1,0
2,0.000138,1,64.0,0.0,64,1,1,0.0,1.0,0.0,0.0,0.5,0.0,0.0,0.0,0.0,0.0,0,0,1,0
3,0.012823,1,247.0,0.0,247,1,1,0.0,1.0,0.0,0.0,0.3333333333333333,0.0,0.0,0.0,0.0,0.0,0,0,1,0
2,0.000647,1,64.0,0.0,64,1,1,0.0,1.0,0.0,0.0,0.5,0.0,0.0,0.0,0.0,0.0,0,0,1,0
403,0.014186,400,159.73697270471465,95.49970598874752,255,1,1,0.4987593052109181,0.5037220843672456,0.0,0.49627791563275436,0.0,0.0,0.0,0.9901477832512315,0.0,0.0,0,0,1,0
403,0.015265,400,159.73697270471465,95.49970598874752,255,1,1,0.4987593052109181,0.5037220843672456,0.0,0.49627791563275436,0.0,0.0,0.0,0.9901477832512315,0.0,0.0,0,0,1,0
1,0.001,1,64.0,0.0,64,1,1,0.0,1.0,0.0,0.0,0.0,0.0,0.0,0.0,0.0,0.0,0,0,1,0
1,0.001,1,120.0,0.0,120,1,1,0.0,1.0,0.0,0.0,0.0,0.0,0.0,0.0,0.0,0.0,0,0,1,0
4,5.820934,1,64.0,0.0,64,2,1,0.0,0.0,0.0,0.0,0.0,0.0,0.0,0.0,2.0,50.0,0,0,0,1
2,5.820838,2,64.0,0.0,64,1,1,0.0,0.0,0.0,0.0,0.0,0.0,0.0,0.0,2.0,121.0,0,0,0,1
4,6.554258,1,128.0,0.0,128,1,1,0.0,0.0,0.0,0.0,0.0,0.0,0.0,0.0,4.0,50.0,0,0,0,1
6,5.945589,1,64.0,0.0,64,1,1,0.0,0.0,0.0,0.0,0.0,0.0,0.0,0.0,6.0,74.0,0,0,0,1
5,6.041812,1,204.2,101.6,255,1,1,0.0,0.0,0.0,0.0,0.0,0.0,0.0,0.0,5.0,46.8,0,0,0,1
4,5.985068,1,255.0,0.0,255,1,1,0.0,0.0,0.0,0.0,0.0,0.0,0.0,0.0,4.0,176.0,0,0,0,1
1,0.001,1,64.0,0.0,64,1,1,0.0,1.0,0.0,0.0,0.0,0.0,0.0,0.0,0.0,0.0,0,0,1,0
1,0.001,1,58.0,0.0,58,1,1,0.0,1.0,0.0,0.0,0.0,0.0,0.0,0.0,0.0,0.0,0,0,1,0
10,5.576134,1,55.0,0.0,55,1,1,0.0,1.0,0.0,0.0,0.5,0.0,0.0,0.0,0.0,0.0,0,0,1,0
10,5.446562,1,64.0,0.0,64,1,1,0.0,1.0,0.0,0.0,0.5,0.0,0.0,0.0,0.0,0.0,0,0,1,0
2,0.046308,1,58.0,0.0,58,1,1,0.0,1.0,0.0,0.0,0.5,0.0,0.0,0.0,0.0,0.0,0,0,1,0
2,0.000162,1,64.0,0.0,64,1,1,0.0,1.0,0.0,0.0,0.5,0.0,0.0,0.0,0.0,0.0,0,0,1,0
3,0.595944,1,64.0,0.0,64,1,1,0.0,0.0,0.0,0.0,0.0,0.0,0.0,0.0,3.0,32.666666666666664,0,0,0,1
3,0.675423,3,64.0,0.0,64,1,1,0.0,0.0,0.0,0.0,0.0,0.0,0.0,0.0,3.0,57.666666666666664,0,0,0,1
2,0.041167,1,247.0,0.0,247,1,1,0.0,1.0,0.0,0.0,0.5,0.0,0.0,0.0,0.0,0.0,0,0,1,0
2,0.000670,1,64.0,0.0,64,1,1,0.0,1.0,0.0,0.0,0.5,0.0,0.0,0.0,0.0,0.0,0,0,1,0
403,0.014690,400,159.73697270471465,95.49970598874752,255,1,1,0.4987593052109181,0.5037220843672456,0.0,0.49627791563275436,0.0,0.0,0.0,0.9901477832512315,0.0,0.0,0,0,1,0
8,7.987880,1,64.0,0.0,64,1,1,0.0,0.0,0.0,0.0,0.0,0.0,0.0,0.0,8.0,74.0,0,0,0,1
2,0.014753,1,247.0,0.0,247,1,1,0.0,1.0,0.0,0.0,0.5,0.0,0.0,0.0,0.0,0.0,0,0,1,0
2,0.000767,1,64.0,0.0,64,1,1,0.0,1.0,0.0,0.0,0.5,0.0,0.0,0.0,0.0,0.0,0,0,1,0
1,0.001,1,128.0,0.0,128,1,1,0.0,0.0,0.0,0.0,0.0,0.0,0.0,0.0,1.0,44.0,0,0,0,1
3,4.602779,1,64.0,0.0,64,2,1,0.0,0.0,0.0,0.0,0.0,0.0,0.0,0.0,2.0,50.0,0,0,0,1
6,0.315475,1,55.0,0.0,55,1,1,0.0,1.0,0.0,0.0,0.5,0.0,0.0,0.0,0.0,0.0,0,0,1,0
6,0.315297,1,64.0,0.0,64,1,1,0.0,1.0,0.0,0.0,0.5,0.0,0.0,0.0,0.0,0.0,0,0,1,0
2,4.602674,2,64.0,0.0,64,1,1,0.0,0.0,0.0,0.0,0.0,0.0,0.0,0.0,2.0,121.0,0,0,0,1
2,0.230945,1,64.0,0.0,64,1,1,0.0,1.0,0.0,0.0,0.5,0.0,0.0,0.0,0.0,0.0,0,0,1,0
2,0.153107,1,58.0,0.0,58,1,1,0.0,1.0,0.0,0.0,0.5,0.0,0.0,0.0,0.0,0.0,0,0,1,0
3,0.132759,1,64.0,0.0,64,1,1,0.0,1.0,0.0,0.0,0.6666666666666666,0.0,0.0,0.0,0.0,0.0,0,0,1,0
2,0.122461,1,50.0,0.0,50,1,1,0.0,1.0,0.0,0.0,0.5,0.0,0.0,0.0,0.0,0.0,0,0,1,0
1,0.001,1,64.0,0.0,64,1,1,0.0,0.0,0.0,0.0,0.0,0.0,0.0,0.0,1.0,43.0,0,0,0,1
1,0.001,1,64.0,0.0,64,1,1,0.0,0.0,0.0,0.0,0.0,0.0,0.0,0.0,1.0,43.0,0,0,0,1
1,0.001,1,255.0,0.0,255,1,1,0.0,0.0,0.0,0.0,0.0,0.0,0.0,0.0,1.0,160.0,0,0,0,1
3,0.002336,1,255.0,0.0,255,1,1,0.0,0.0,0.0,0.0,0.0,0.0,0.0,0.0,3.0,303.3333333333333,0,0,0,1
412,1.112574,200,55.87621359223301,9.208307626944086,53,2,1,0.0,0.0,0.0,0.0,0.0,0.0,0.0,0.0,214.0,43.758620689655174,0,0,0,1
9,8.089745,1,64.0,0.0,64,1,1,0.0,0.0,0.0,0.0,0.0,0.0,0.0,0.0,9.0,74.0,0,0,0,1
3,4.710810,1,64.0,0.0,64,2,1,0.0,0.0,0.0,0.0,0.0,0.0,0.0,0.0,2.0,50.0,0,0,0,1
2,4.710758,2,64.0,0.0,64,1,1,0.0,0.0,0.0,0.0,0.0,0.0,0.0,0.0,2.0,121.0,0,0,0,1
2,0.012902,1,58.0,0.0,58,1,1,0.0,1.0,0.0,0.0,0.5,0.0,0.0,0.0,0.0,0.0,0,0,1,0
2,0.000135,1,64.0,0.0,64,1,1,0.0,1.0,0.0,0.0,0.5,0.0,0.0,0.0,0.0,0.0,0,0,1,0
1,0.001,0,1.0,0.0,1,1,1,0.0,0.0,0.0,0.0,0.0,0.0,0.0,0.0,0.0,0.0,0,1,0,0
1,0.001,0,1.0,0.0,1,1,1,0.0,0.0,0.0,0.0,0.0,0.0,0.0,0.0,0.0,0.0,0,1,0,0
1,0.001,1,64.0,0.0,64,1,1,0.0,0.0,0.0,0.0,0.0,0.0,0.0,0.0,1.0,43.0,0,0,0,1
1,0.001,1,64.0,0.0,64,1,1,0.0,0.0,0.0,0.0,0.0,0.0,0.0,0.0,1.0,43.0,0,0,0,1
2,0.079839,1,64.0,0.0,64,1,1,0.0,1.0,0.0,0.0,0.5,0.0,0.0,0.0,0.0,0.0,0,0,1,0
1,0.001,1,120.0,0.0,120,1,1,0.0,1.0,0.0,0.0,1.0,0.0,0.0,0.0,0.0,0.0,0,0,1,0
2,0.014585,1,247.0,0.0,247,1,1,0.0,1.0,0.0,0.0,0.5,0.0,0.0,0.0,0.0,0.0,0,0,1,0
2,0.000631,1,64.0,0.0,64,1,1,0.0,1.0,0.0,0.0,0.5,0.0,0.0,0.0,0.0,0.0,0,0,1,0
9,0.123040,1,64.0,0.0,64,1,1,0.0,0.0,0.0,0.0,0.0,0.0,0.0,0.0,9.0,432.1111111111111,0,0,0,1
12,0.094131,1,60.0,0.0,60,1,1,0.0,0.0,0.0,0.0,0.0,0.0,0.0,0.0,12.0,385.5833333333333,0,0,0,1
9,7.987322,1,64.0,0.0,64,1,1,0.0,0.0,0.0,0.0,0.0,0.0,0.0,0.0,9.0,74.0,0,0,0,1
6,5.285924,1,64.0,0.0,64,2,1,0.0,0.0,0.0,0.0,0.0,0.0,0.0,0.0,0.0,0.0,1,0,0,0
2,4.530519,2,64.0,0.0,64,1,1,0.0,0.0,0.0,0.0,0.0,0.0,0.0,0.0,2.0,121.0,0,0,0,1
5,1.648933,1,64.0,0.0,64,1,1,0.0,0.0,0.0,0.0,0.0,0.0,0.0,0.0,5.0,41.0,0,0,0,1
5,1.648890,5,64.0,0.0,64,1,1,0.0,0.0,0.0,0.0,0.0,0.0,0.0,0.0,5.0,96.8,0,0,0,1
9,0.151289,1,64.0,0.0,64,1,1,0.0,0.0,0.0,0.0,0.0,0.0,0.0,0.0,9.0,380.0,0,0,0,1
12,0.151681,1,57.0,0.0,57,1,1,0.0,0.0,0.0,0.0,0.0,0.0,0.0,0.0,12.0,383.3333333333333,0,0,0,1
1,0.001,1,128.0,0.0,128,1,1,0.0,0.0,0.0,0.0,0.0,0.0,0.0,0.0,1.0,304.0,0,0,0,1
2,0.115030,1,64.0,0.0,64,1,1,0.0,1.0,0.0,0.0,0.5,0.0,0.0,0.0,0.0,0.0,0,0,1,0
2,0.040203,1,55.0,0.0,55,1,1,0.0,1.0,0.0,0.0,0.5,0.0,0.0,0.0,0.0,0.0,0,0,1,0
13,0.128226,1,64.0,0.0,64,1,1,0.0,0.0,0.0,0.0,0.0,0.0,0.0,0.0,13.0,571.3076923076923,0,0,0,1
16,0.127389,1,60.0,0.0,60,1,1,0.0,0.0,0.0,0.0,0.0,0.0,0.0,0.0,16.0,557.125,0,0,0,1
2,0.011667,1,58.0,0.0,58,1,1,0.0,1.0,0.0,0.0,0.5,0.0,0.0,0.0,0.0,0.0,0,0,1,0
2,0.000081,1,64.0,0.0,64,1,1,0.0,1.0,0.0,0.0,0.5,0.0,0.0,0.0,0.0,0.0,0,0,1,0
2,0.013969,1,58.0,0.0,58,1,1,0.0,1.0,0.0,0.0,0.5,0.0,0.0,0.0,0.0,0.0,0,0,1,0
2,0.000151,1,64.0,0.0,64,1,1,0.0,1.0,0.0,0.0,0.5,0.0,0.0,0.0,0.0,0.0,0,0,1,0
1,0.001,1,64.0,0.0,64,1,1,0.0,1.0,0.0,0.0,0.0,0.0,0.0,0.0,0.0,0.0,0,0,1,0
1,0.001,1,52.0,0.0,52,1,1,0.0,1.0,0.0,0.0,0.0,0.0,0.0,0.0,0.0,0.0,0,0,1,0
412,1.117197,200,55.390776699029125,9.543472957774217,38,2,1,0.0,0.0,0.0,0.0,0.0,0.0,0.0,0.0,214.0,43.758620689655174,0,0,0,1
412,1.111043,200,55.65291262135922,9.341338143582712,43,2,1,0.0,0.0,0.0,0.0,0.0,0.0,0.0,0.0,214.0,43.758620689655174,0,0,0,1
2,0.921612,1,1.0,0.0,1,1,1,0.0,0.0,0.0,0.0,0.0,0.0,0.0,0.0,2.0,39.0,0,0,0,1
9,8.089709,1,64.0,0.0,64,1,1,0.0,0.0,0.0,0.0,0.0,0.0,0.0,0.0,9.0,74.0,0,0,0,1
3,1.433592,1,128.0,0.0,128,1,1,0.0,0.0,0.0,0.0,0.0,0.0,0.0,0.0,3.0,50.0,0,0,0,1
2,0.188151,1,55.0,0.0,55,1,1,0.0,1.0,0.0,0.0,0.5,0.0,0.0,0.0,0.0,0.0,0,0,1,0
2,0.111561,1,64.0,0.0,64,1,1,0.0,1.0,0.0,0.0,0.5,0.0,0.0,0.0,0.0,0.0,0,0,1,0
3,5.322490,1,64.0,0.0,64,2,1,0.0,0.0,0.0,0.0,0.0,0.0,0.0,0.0,2.0,50.0,0,0,0,1
2,5.322372,2,64.0,0.0,64,1,1,0.0,0.0,0.0,0.0,0.0,0.0,0.0,0.0,2.0,121.0,0,0,0,1
2,0.010503,1,58.0,0.0,58,1,1,0.0,1.0,0.0,0.0,0.5,0.0,0.0,0.0,0.0,0.0,0,0,1,0
2,0.000125,1,64.0,0.0,64,1,1,0.0,1.0,0.0,0.0,0.5,0.0,0.0,0.0,0.0,0.0,0,0,1,0
2,0.015957,1,58.0,0.0,58,1,1,0.0,1.0,0.0,0.0,0.5,0.0,0.0,0.0,0.0,0.0,0,0,1,0
2,0.000126,1,64.0,0.0,64,1,1,0.0,1.0,0.0,0.0,0.5,0.0,0.0,0.0,0.0,0.0,0,0,1,0
1,0.001,1,64.0,0.0,64,1,1,0.0,0.0,0.0,0.0,0.0,0.0,0.0,0.0,1.0,43.0,0,0,0,1
1,0.001,1,64.0,0.0,64,1,1,0.0,0.0,0.0,0.0,0.0,0.0,0.0,0.0,1.0,43.0,0,0,0,1
412,1.114273,200,55.58252427184466,9.328445142341927,51,2,1,0.0,0.0,0.0,0.0,0.0,0.0,0.0,0.0,214.0,43.758620689655174,0,0,0,1
2,0.013208,1,58.0,0.0,58,1,1,0.0,1.0,0.0,0.0,0.5,0.0,0.0,0.0,0.0,0.0,0,0,1,0
2,0.000128,1,64.0,0.0,64,1,1,0.0,1.0,0.0,0.0,0.5,0.0,0.0,0.0,0.0,0.0,0,0,1,0
2,0.013429,1,58.0,0.0,58,1,1,0.0,1.0,0.0,0.0,0.5,0.0,0.0,0.0,0.0,0.0,0,0,1,0
2,0.000135,1,64.0,0.0,64,1,1,0.0,1.0,0.0,0.0,0.5,0.0,0.0,0.0,0.0,0.0,0,0,1,0
9,8.089699,1,64.0,0.0,64,1,1,0.0,0.0,0.0,0.0,0.0,0.0,0.0,0.0,9.0,74.0,0,0,0,1
3,4.714535,1,64.0,0.0,64,2,1,0.0,0.0,0.0,0.0,0.0,0.0,0.0,0.0,2.0,50.0,0,0,0,1
2,4.714453,2,64.0,0.0,64,1,1,0.0,0.0,0.0,0.0,0.0,0.0,0.0,0.0,2.0,121.0,0,0,0,1
1,0.001,1,64.0,0.0,64,1,1,0.0,1.0,0.0,0.0,0.0,0.0,0.0,0.0,0.0,0.0,0,0,1,0
1,0.001,1,50.0,0.0,50,1,1,0.0,1.0,0.0,0.0,0.0,0.0,0.0,0.0,0.0,0.0,0,0,1,0
1,0.001,1,64.0,0.0,64,1,1,0.0,0.0,0.0,0.0,0.0,0.0,0.0,0.0,1.0,43.0,0,0,0,1
1,0.001,1,64.0,0.0,64,1,1,0.0,0.0,0.0,0.0,0.0,0.0,0.0,0.0,1.0,43.0,0,0,0,1
400,1.103644,201,56.0325,9.25183461536143,51,1,1,0.0,0.4975,0.5025,0.4975,0.0,0.0,0.0,0.0,0.0,0.0,0,0,1,0
400,1.112157,201,55.9525,9.402938038187852,54,1,1,0.0,0.4975,0.5025,0.4975,0.0,0.0,0.0,0.0,0.0,0.0,0,0,1,0
9,8.089672,1,64.0,0.0,64,1,1,0.0,0.0,0.0,0.0,0.0,0.0,0.0,0.0,9.0,74.0,0,0,0,1
1,0.001,1,64.0,0.0,64,1,1,0.0,0.0,0.0,0.0,0.0,0.0,0.0,0.0,1.0,29.0,0,0,0,1
1,0.001,1,60.0,0.0,60,1,1,0.0,0.0,0.0,0.0,0.0,0.0,0.0,0.0,1.0,25.0,0,0,0,1
9,4.097392,1,255.0,0.0,255,1,1,0.0,0.0,0.0,0.0,0.0,0.0,0.0,0.0,9.0,143.0,0,0,0,1
3,5.169047,1,64.0,0.0,64,2,1,0.0,0.0,0.0,0.0,0.0,0.0,0.0,0.0,2.0,50.0,0,0,0,1
2,5.169022,2,64.0,0.0,64,1,1,0.0,0.0,0.0,0.0,0.0,0.0,0.0,0.0,2.0,121.0,0,0,0,1
1,0.001,1,64.0,0.0,64,1,1,0.0,0.0,0.0,0.0,0.0,0.0,0.0,0.0,1.0,43.0,0,0,0,1
1,0.001,1,64.0,0.0,64,1,1,0.0,0.0,0.0,0.0,0.0,0.0,0.0,0.0,1.0,43.0,0,0,0,1
2,0.009849,1,58.0,0.0,58,1,1,0.0,1.0,0.0,0.0,0.5,0.0,0.0,0.0,0.0,0.0,0,0,1,0
2,0.000122,1,64.0,0.0,64,1,1,0.0,1.0,0.0,0.0,0.5,0.0,0.0,0.0,0.0,0.0,0,0,1,0
400,1.104682,201,55.7375,9.525418297901673,58,1,1,0.0,0.4975,0.5025,0.4975,0.0,0.0,0.0,0.0,0.0,0.0,0,0,1,0
9,7.986113,1,64.0,0.0,64,1,1,0.0,0.0,0.0,0.0,0.0,0.0,0.0,0.0,9.0,74.0,0,0,0,1
3,4.607438,1,64.0,0.0,64,2,1,0.0,0.0,0.0,0.0,0.0,0.0,0.0,0.0,2.0,50.0,0,0,0,1
2,4.607385,2,64.0,0.0,64,1,1,0.0,0.0,0.0,0.0,0.0,0.0,0.0,0.0,2.0,121.0,0,0,0,1
1,0.001,1,56.0,0.0,56,1,1,0.0,0.0,0.0,0.0,0.0,0.0,0.0,0.0,1.0,105.0,0,0,0,1
1,0.001,0,64.0,0.0,64,1,1,0.0,0.0,0.0,0.0,0.0,0.0,0.0,0.0,0.0,0.0,1,0,0,0
1,0.001,1,64.0,0.0,64,1,1,0.0,0.0,0.0,0.0,0.0,0.0,0.0,0.0,1.0,43.0,0,0,0,1
1,0.001,1,64.0,0.0,64,1,1,0.0,0.0,0.0,0.0,0.0,0.0,0.0,0.0,1.0,43.0,0,0,0,1
3,0.013761,1,247.0,0.0,247,1,1,0.0,1.0,0.0,0.0,0.3333333333333333,0.0,0.0,0.0,0.0,0.0,0,0,1,0
2,0.012627,1,58.0,0.0,58,1,1,0.0,1.0,0.0,0.0,0.5,0.0,0.0,0.0,0.0,0.0,0,0,1,0
2,0.000478,1,64.0,0.0,64,1,1,0.0,1.0,0.0,0.0,0.5,0.0,0.0,0.0,0.0,0.0,0,0,1,0
2,0.000061,1,64.0,0.0,64,1,1,0.0,1.0,0.0,0.0,0.5,0.0,0.0,0.0,0.0,0.0,0,0,1,0
1,0.001,1,64.0,0.0,64,1,1,0.0,0.0,0.0,0.0,0.0,0.0,0.0,0.0,1.0,29.0,0,0,0,1
1,0.001,1,59.0,0.0,59,1,1,0.0,0.0,0.0,0.0,0.0,0.0,0.0,0.0,1.0,26.0,0,0,0,1
2,0.010489,1,58.0,0.0,58,1,1,0.0,1.0,0.0,0.0,0.5,0.0,0.0,0.0,0.0,0.0,0,0,1,0
2,0.000205,1,64.0,0.0,64,1,1,0.0,1.0,0.0,0.0,0.5,0.0,0.0,0.0,0.0,0.0,0,0,1,0
9,7.988350,1,64.0,0.0,64,1,1,0.0,0.0,0.0,0.0,0.0,0.0,0.0,0.0,9.0,74.0,0,0,0,1
3,5.630735,1,64.0,0.0,64,2,1,0.0,0.0,0.0,0.0,0.0,0.0,0.0,0.0,2.0,50.0,0,0,0,1
2,5.630802,2,64.0,0.0,64,1,1,0.0,0.0,0.0,0.0,0.0,0.0,0.0,0.0,2.0,121.0,0,0,0,1
1,0.001,1,64.0,0.0,64,1,1,0.0,0.0,0.0,0.0,0.0,0.0,0.0,0.0,1.0,43.0,0,0,0,1
1,0.001,1,64.0,0.0,64,1,1,0.0,0.0,0.0,0.0,0.0,0.0,0.0,0.0,1.0,43.0,0,0,0,1
1,0.001,0,1.0,0.0,1,1,1,0.0,0.0,0.0,0.0,0.0,0.0,0.0,0.0,0.0,0.0,0,1,0,0
1,0.001,0,1.0,0.0,1,1,1,0.0,0.0,0.0,0.0,0.0,0.0,0.0,0.0,0.0,0.0,0,1,0,0
1,0.001,1,64.0,0.0,64,1,1,0.0,1.0,0.0,0.0,0.0,0.0,0.0,0.0,0.0,0.0,0,0,1,0
1,0.001,1,52.0,0.0,52,1,1,0.0,1.0,0.0,0.0,0.0,0.0,0.0,0.0,0.0,0.0,0,0,1,0
400,1.111592,201,56.0675,9.163948043829144,58,1,1,0.0,0.4975,0.0,0.4975,0.0,0.0,0.5025,0.0,0.0,0.0,0,0,1,0
400,1.102561,201,55.9025,9.335844565437023,56,1,1,0.0,0.4975,0.0,0.4975,0.0,0.0,0.5025,0.0,0.0,0.0,0,0,1,0
3,4.852898,1,64.0,0.0,64,2,1,0.0,0.0,0.0,0.0,0.0,0.0,0.0,0.0,2.0,50.0,0,0,0,1
2,4.852750,2,64.0,0.0,64,1,1,0.0,0.0,0.0,0.0,0.0,0.0,0.0,0.0,2.0,121.0,0,0,0,1
9,7.987253,1,64.0,0.0,64,1,1,0.0,0.0,0.0,0.0,0.0,0.0,0.0,0.0,9.0,74.0,0,0,0,1
3,0.011337,1,247.0,0.0,247,1,1,0.0,1.0,0.0,0.0,0.3333333333333333,0.0,0.0,0.0,0.0,0.0,0,0,1,0
2,0.000742,1,64.0,0.0,64,1,1,0.0,1.0,0.0,0.0,0.5,0.0,0.0,0.0,0.0,0.0,0,0,1,0
1,0.001,1,64.0,0.0,64,1,1,0.0,0.0,0.0,0.0,0.0,0.0,0.0,0.0,1.0,43.0,0,0,0,1
1,0.001,1,64.0,0.0,64,1,1,0.0,0.0,0.0,0.0,0.0,0.0,0.0,0.0,1.0,43.0,0,0,0,1
2,0.012888,1,58.0,0.0,58,1,1,0.0,1.0,0.0,0.0,0.5,0.0,0.0,0.0,0.0,0.0,0,0,1,0
2,0.000093,1,64.0,0.0,64,1,1,0.0,1.0,0.0,0.0,0.5,0.0,0.0,0.0,0.0,0.0,0,0,1,0
2,0.969566,1,255.0,0.0,255,1,1,0.0,0.0,0.0,0.0,0.0,0.0,0.0,0.0,2.0,110.0,0,0,0,1
3,0.976072,1,255.0,0.0,255,1,1,0.0,0.0,0.0,0.0,0.0,0.0,0.0,0.0,3.0,377.0,0,0,0,1
9,7.987268,1,64.0,0.0,64,1,1,0.0,0.0,0.0,0.0,0.0,0.0,0.0,0.0,9.0,74.0,0,0,0,1
4,4.018620,1,55.0,0.0,55,1,1,0.0,1.0,0.0,0.0,0.5,0.0,0.0,0.0,0.0,0.0,0,0,1,0
4,3.935910,1,64.0,0.0,64,1,1,0.0,1.0,0.0,0.0,0.5,0.0,0.0,0.0,0.0,0.0,0,0,1,0
1,0.001,1,64.0,0.0,64,1,1,0.0,0.0,0.0,0.0,0.0,0.0,0.0,0.0,1.0,29.0,0,0,0,1
1,0.001,1,59.0,0.0,59,1,1,0.0,0.0,0.0,0.0,0.0,0.0,0.0,0.0,1.0,26.0,0,0,0,1
2,0.017349,1,58.0,0.0,58,1,1,0.0,1.0,0.0,0.0,0.5,0.0,0.0,0.0,0.0,0.0,0,0,1,0
2,0.000143,1,64.0,0.0,64,1,1,0.0,1.0,0.0,0.0,0.5,0.0,0.0,0.0,0.0,0.0,0,0,1,0
3,4.605898,1,64.0,0.0,64,2,1,0.0,0.0,0.0,0.0,0.0,0.0,0.0,0.0,2.0,50.0,0,0,0,1
2,4.605890,2,64.0,0.0,64,1,1,0.0,0.0,0.0,0.0,0.0,0.0,0.0,0.0,2.0,121.0,0,0,0,1
1,0.001,1,64.0,0.0,64,1,1,0.0,0.0,0.0,0.0,0.0,0.0,0.0,0.0,1.0,43.0,0,0,0,1
1,0.001,1,64.0,0.0,64,1,1,0.0,0.0,0.0,0.0,0.0,0.0,0.0,0.0,1.0,43.0,0,0,0,1
3,0.012574,1,247.0,0.0,247,1,1,0.0,1.0,0.0,0.0,0.3333333333333333,0.0,0.0,0.0,0.0,0.0,0,0,1,0
2,0.000640,1,64.0,0.0,64,1,1,0.0,1.0,0.0,0.0,0.5,0.0,0.0,0.0,0.0,0.0,0,0,1,0
2,0.017687,1,58.0,0.0,58,1,1,0.0,1.0,0.0,0.0,0.5,0.0,0.0,0.0,0.0,0.0,0,0,1,0
2,0.000123,1,64.0,0.0,64,1,1,0.0,1.0,0.0,0.0,0.5,0.0,0.0,0.0,0.0,0.0,0,0,1,0
2,0.012371,1,58.0,0.0,58,1,1,0.0,1.0,0.0,0.0,0.5,0.0,0.0,0.0,0.0,0.0,0,0,1,0
2,0.000072,1,64.0,0.0,64,1,1,0.0,1.0,0.0,0.0,0.5,0.0,0.0,0.0,0.0,0.0,0,0,1,0
9,7.988472,1,64.0,0.0,64,1,1,0.0,0.0,0.0,0.0,0.0,0.0,0.0,0.0,9.0,74.0,0,0,0,1
3,4.322499,1,64.0,0.0,64,2,1,0.0,0.0,0.0,0.0,0.0,0.0,0.0,0.0,2.0,50.0,0,0,0,1
2,4.322425,2,64.0,0.0,64,1,1,0.0,0.0,0.0,0.0,0.0,0.0,0.0,0.0,2.0,121.0,0,0,0,1
1,0.001,1,64.0,0.0,64,1,1,0.0,0.0,0.0,0.0,0.0,0.0,0.0,0.0,1.0,43.0,0,0,0,1
1,0.001,1,64.0,0.0,64,1,1,0.0,0.0,0.0,0.0,0.0,0.0,0.0,0.0,1.0,43.0,0,0,0,1
4,1.630505,1,55.0,0.0,55,1,1,0.0,1.0,0.0,0.0,0.5,0.0,0.0,0.0,0.0,0.0,0,0,1,0
4,1.556273,1,64.0,0.0,64,1,1,0.0,1.0,0.0,0.0,0.5,0.0,0.0,0.0,0.0,0.0,0,0,1,0
3,0.000046,1,64.0,0.0,64,1,1,0.0,1.0,0.0,0.0,0.3333333333333333,0.0,0.0,0.0,0.0,0.0,0,0,1,0
400,1.103753,201,56.4025,8.823859345547163,59,1,1,0.0,0.4975,0.0,0.4975,0.0,0.0,0.5025,0.0,0.0,0.0,0,0,1,0
400,1.111529,201,56.19,9.029058644177699,56,1,1,0.0,0.4975,0.0,0.4975,0.0,0.0,0.5025,0.0,0.0,0.0,0,0,1,0
58,57.242407,1,64.0,0.0,64,1,0,0.0,0.0,0.0,0.0,0.0,0.0,0.0,0.0,58.0,74.0,0,0,0,1
8,47.562032,1,64.0,0.0,64,1,0,0.0,1.0,0.0,0.0,0.5,0.0,0.0,0.0,0.0,0.0,0,0,1,0
8,47.553034,1,55.0,0.0,55,1,0,0.0,1.0,0.0,0.0,0.5,0.0,0.0,0.0,0.0,0.0,0,0,1,0
12,54.272359,1,64.0,0.0,64,1,0,0.0,0.0,0.0,0.0,0.0,0.0,0.0,0.0,12.0,50.0,0,0,0,1
12,54.272305,12,64.0,0.0,64,1,0,0.0,0.0,0.0,0.0,0.0,0.0,0.0,0.0,12.0,121.0,0,0,0,1
8,39.944296,1,58.0,0.0,58,1,0,0.0,1.0,0.0,0.0,0.375,0.0,0.0,0.0,0.0,0.0,0,0,1,0
6,39.933681,1,64.0,0.0,64,1,0,0.0,1.0,0.0,0.0,0.5,0.0,0.0,0.0,0.0,0.0,0,0,1,0
3,16.174726,1,64.0,0.0,64,1,0,0.0,1.0,0.0,0.0,0.3333333333333333,0.0,0.0,0.0,0.0,0.0,0,0,1,0
15,50.881423,2,58.0,0.0,58,1,0,0.0,1.0,0.0,0.0,0.4,0.0,0.0,0.0,0.0,0.0,0,0,1,0
12,50.870545,1,64.0,0.0,64,1,0,0.0,1.0,0.0,0.0,0.5,0.0,0.0,0.0,0.0,0.0,0,0,1,0
3,16.072658,1,53.0,0.0,53,1,0,0.0,1.0,0.0,0.0,0.3333333333333333,0.0,0.0,0.0,0.0,0.0,0,0,1,0
2,0.000001,1,56.0,0.0,56,1,0,0.0,0.0,0.0,0.0,0.0,0.0,0.0,0.0,2.0,70.0,0,0,0,1
1,0.001,0,64.0,0.0,64,1,0,0.0,0.0,0.0,0.0,0.0,0.0,0.0,0.0,0.0,0.0,1,0,0,0
3,1.945607,1,255.0,0.0,255,1,0,0.0,0.0,0.0,0.0,0.0,0.0,0.0,0.0,3.0,126.66666666666667,0,0,0,1
7,2.045359,1,255.0,0.0,255,1,0,0.0,0.0,0.0,0.0,0.0,0.0,0.0,0.0,7.0,346.85714285714283,0,0,0,1
4,45.006781,1,64.0,0.0,64,1,0,0.0,1.0,0.25,0.0,0.0,0.0,0.0,0.0,0.0,0.0,0,0,1,0
6,45.000555,1,52.0,0.0,52,1,0,0.0,1.0,0.3333333333333333,0.0,0.3333333333333333,0.0,0.0,0.0,0.0,0.0,0,0,1,0
1,0.001,1,59.0,0.0,59,1,0,0.0,0.0,0.0,0.0,0.0,0.0,0.0,0.0,1.0,68.0,0,0,0,1
4,25.104405,1,247.0,0.0,247,1,0,0.0,1.0,0.0,0.0,0.5,0.0,0.0,0.0,0.0,0.0,0,0,1,0
4,25.092583,1,64.0,0.0,64,1,0,0.0,1.0,0.0,0.0,0.5,0.0,0.0,0.0,0.0,0.0,0,0,1,0
1,0.001,1,64.0,0.0,64,1,0,0.0,1.0,0.0,0.0,0.0,0.0,0.0,0.0,0.0,0.0,0,0,1,0
1,0.001,1,120.0,0.0,120,1,0,0.0,1.0,0.0,0.0,0.0,0.0,0.0,0.0,0.0,0.0,0,0,1,0
2,0.000023,1,64.0,0.0,64,2,0,0.0,0.0,0.0,0.0,0.0,0.0,0.0,0.0,1.0,146.0,0,0,0,1
7,40.051894,1,58.0,0.0,58,1,0,0.0,1.0,0.0,0.0,0.42857142857142855,0.0,0.0,0.0,0.0,0.0,0,0,1,0
6,40.039311,1,64.0,0.0,64,1,0,0.0,1.0,0.0,0.0,0.5,0.0,0.0,0.0,0.0,0.0,0,0,1,0
13,50.781322,2,58.0,0.0,58,1,0,0.0,1.0,0.0,0.0,0.46153846153846156,0.0,0.0,0.0,0.0,0.0,0,0,1,0
12,50.769673,1,64.0,0.0,64,1,0,0.0,1.0,0.0,0.0,0.5,0.0,0.0,0.0,0.0,0.0,0,0,1,0
59,58.163547,1,64.0,0.0,64,1,0,0.0,0.0,0.0,0.0,0.0,0.0,0.0,0.0,59.0,74.0,0,0,0,1
15,53.965346,1,64.0,0.0,64,2,0,0.0,0.0,0.0,0.0,0.0,0.0,0.0,0.0,12.0,50.0,0,0,0,1
12,53.965352,12,64.0,0.0,64,1,0,0.0,0.0,0.0,0.0,0.0,0.0,0.0,0.0,12.0,121.0,0,0,0,1
3,18.615193,1,64.0,0.0,64,1,0,0.0,1.0,0.0,0.0,0.3333333333333333,0.0,0.0,0.0,0.0,0.0,0,0,1,0
3,18.530382,1,52.0,0.0,52,1,0,0.0,1.0,0.0,0.0,0.3333333333333333,0.0,0.0,0.0,0.0,0.0,0,0,1,0
29,41.314720,1,64.0,0.0,64,1,0,0.0,1.0,0.0,0.0,0.5172413793103449,0.0,0.0,0.0,0.0,0.0,0,0,1,0
30,41.307694,1,55.0,0.0,55,1,0,0.0,1.0,0.0,0.0,0.5,0.0,0.0,0.0,0.0,0.0,0,0,1,0
2,27.002677,1,64.0,0.0,64,1,0,0.0,0.0,0.0,0.0,0.0,0.0,0.0,0.0,2.0,29.0,0,0,0,1
2,27.002160,1,59.0,0.0,59,1,0,0.0,0.0,0.0,0.0,0.0,0.0,0.0,0.0,2.0,26.0,0,0,0,1
5,25.069199,1,247.0,0.0,247,1,0,0.0,1.0,0.0,0.0,0.4,0.0,0.0,0.0,0.0,0.0,0,0,1,0
4,25.057363,1,64.0,0.0,64,1,0,0.0,1.0,0.0,0.0,0.5,0.0,0.0,0.0,0.0,0.0,0,0,1,0
23,33.861633,1,64.0,0.0,64,2,0,0.0,0.0,0.0,0.0,0.0,0.0,0.0,0.0,20.0,315.9,0,0,0,1
41,33.787335,1,55.09756097560975,0.2967201234291814,55,1,0,0.0,0.0,0.0,0.0,0.0,0.0,0.0,0.0,41.0,604.5121951219512,0,0,0,1
1,0.001,1,64.0,0.0,64,1,0,0.0,1.0,0.0,0.0,0.0,0.0,0.0,0.0,0.0,0.0,0,0,1,0
1,0.001,1,120.0,0.0,120,1,0,0.0,1.0,0.0,0.0,0.0,0.0,0.0,0.0,0.0,0.0,0,0,1,0
4,7.082541,1,64.0,0.0,64,1,0,0.0,0.0,0.0,0.0,0.0,0.0,0.0,0.0,4.0,35.0,0,0,0,1
4,7.083401,4,64.0,0.0,64,1,0,0.0,0.0,0.0,0.0,0.0,0.0,0.0,0.0,4.0,173.0,0,0,0,1
1,0.001,0,1.0,0.0,1,1,0,0.0,0.0,0.0,0.0,0.0,0.0,0.0,0.0,0.0,0.0,0,1,0,0
34,0.082148,1,64.0,0.0,64,1,0,0.029411764705882353,0.9705882352941176,0.0,0.0,0.17647058823529413,0.0,0.0,0.030303030303030304,0.0,0.0,0,0,1,0
53,0.068221,1,52.0,0.0,52,1,0,0.018867924528301886,1.0,0.0,0.0,0.49056603773584906,0.0,0.0,0.018867924528301886,0.0,0.0,0,0,1,0
1,0.001,0,1.0,0.0,1,1,0,0.0,0.0,0.0,0.0,0.0,0.0,0.0,0.0,0.0,0.0,0,1,0,0
17,58.325025,1,64.0,0.0,64,2,0,0.0,0.0,0.0,0.0,0.0,0.0,0.0,0.0,13.0,50.0,0,0,0,1
13,58.324992,13,64.0,0.0,64,1,0,0.0,0.0,0.0,0.0,0.0,0.0,0.0,0.0,13.0,121.0,0,0,0,1
60,59.228813,1,64.0,0.0,64,1,0,0.0,0.0,0.0,0.0,0.0,0.0,0.0,0.0,60.0,74.0,0,0,0,1
14,49.195817,2,58.0,0.0,58,1,0,0.0,1.0,0.0,0.0,0.42857142857142855,0.0,0.0,0.0,0.0,0.0,0,0,1,0
12,49.182835,1,64.0,0.0,64,1,0,0.0,1.0,0.0,0.0,0.5,0.0,0.0,0.0,0.0,0.0,0,0,1,0
8,3.788896,1,1.0,0.0,1,1,0,0.0,0.0,0.0,0.0,0.0,0.0,0.0,0.0,8.0,39.0,0,0,0,1
7,40.049634,1,58.0,0.0,58,1,0,0.0,1.0,0.0,0.0,0.42857142857142855,0.0,0.0,0.0,0.0,0.0,0,0,1,0
6,40.038750,1,64.0,0.0,64,1,0,0.0,1.0,0.0,0.0,0.5,0.0,0.0,0.0,0.0,0.0,0,0,1,0
6,4.314359,1,128.0,0.0,128,1,0,0.0,0.0,0.0,0.0,0.0,0.0,0.0,0.0,6.0,50.0,0,0,0,1
4,40.345583,1,255.0,0.0,255,1,0,0.0,0.0,0.0,0.0,0.0,0.0,0.0,0.0,4.0,204.25,0,0,0,1
4,25.102433,1,247.0,0.0,247,1,0,0.0,1.0,0.0,0.0,0.5,0.0,0.0,0.0,0.0,0.0,0,0,1,0
4,25.089370,1,64.0,0.0,64,1,0,0.0,1.0,0.0,0.0,0.5,0.0,0.0,0.0,0.0,0.0,0,0,1,0
9,37.444984,1,64.0,0.0,64,1,0,0.0,0.0,0.0,0.0,0.0,0.0,0.0,0.0,9.0,38.666666666666664,0,0,0,1
9,37.452264,9,64.0,0.0,64,1,0,0.0,0.0,0.0,0.0,0.0,0.0,0.0,0.0,9.0,155.55555555555554,0,0,0,1
23,25.226298,1,64.0,0.0,64,1,0,0.0,0.0,0.0,0.0,0.0,0.0,0.0,0.0,23.0,538.2173913043479,0,0,0,1
24,25.243907,1,60.0,0.0,60,1,0,0.0,0.0,0.0,0.0,0.0,0.0,0.0,0.0,24.0,332.4166666666667,0,0,0,1
1,0.001,1,64.0,0.0,64,1,0,0.0,1.0,0.0,0.0,0.0,0.0,0.0,0.0,0.0,0.0,0,0,1,0
1,0.001,1,120.0,0.0,120,1,0,0.0,1.0,0.0,0.0,0.0,0.0,0.0,0.0,0.0,0.0,0,0,1,0
4,16.865758,1,64.0,0.0,64,1,0,0.0,1.0,0.0,0.0,0.5,0.0,0.0,0.0,0.0,0.0,0,0,1,0
4,16.860363,1,55.0,0.0,55,1,0,0.0,1.0,0.0,0.0,0.5,0.0,0.0,0.0,0.0,0.0,0,0,1,0
3,7.860781,1,64.0,0.0,64,1,0,0.0,1.0,0.0,0.0,0.3333333333333333,0.0,0.0,0.0,0.0,0.0,0,0,1,0
3,7.773860,1,52.0,0.0,52,1,0,0.0,1.0,0.0,0.0,0.3333333333333333,0.0,0.0,0.0,0.0,0.0,0,0,1,0
16,0.375829,1,64.0,0.0,64,1,0,0.0625,0.9375,0.0,0.0,0.375,0.0,0.0,0.06666666666666667,0.0,0.0,0,0,1,0
20,0.375502,1,53.0,0.0,53,1,0,0.05,1.0,0.0,0.0,0.5,0.0,0.0,0.05,0.0,0.0,0,0,1,0
9,0.257288,1,64.0,0.0,64,1,0,0.1111111111111111,0.6666666666666666,0.1111111111111111,0.2222222222222222,0.2222222222222222,0.0,0.0,0.16666666666666666,0.0,0.0,0,0,1,0
7,0.190243,1,54.0,0.0,54,1,0,0.14285714285714285,1.0,0.0,0.0,0.2857142857142857,0.0,0.0,0.14285714285714285,0.0,0.0,0,0,1,0
7,2.048189,1,255.0,0.0,255,1,0,0.0,0.0,0.0,0.0,0.0,0.0,0.0,0.0,7.0,346.85714285714283,0,0,0,1
8,0.219649,1,64.0,0.0,64,1,0,0.0,0.0,0.0,0.0,0.0,0.0,0.0,0.0,8.0,514.0,0,0,0,1
6,0.259847,1,64.0,0.0,64,1,0,0.0,0.0,0.0,0.0,0.0,0.0,0.0,0.0,6.0,606.8333333333334,0,0,0,1
6,0.271914,1,64.0,0.0,64,1,0,0.0,0.0,0.0,0.0,0.0,0.0,0.0,0.0,6.0,606.0,0,0,0,1
9,0.123340,1,50.0,0.0,50,1,0,0.0,0.0,0.0,0.0,0.0,0.0,0.0,0.0,9.0,319.8888888888889,0,0,0,1
7,0.171697,1,44.0,0.0,44,1,0,0.0,0.0,0.0,0.0,0.0,0.0,0.0,0.0,7.0,364.14285714285717,0,0,0,1
7,0.156591,1,44.0,0.0,44,1,0,0.0,0.0,0.0,0.0,0.0,0.0,0.0,0.0,7.0,377.85714285714283,0,0,0,1
5,7.093384,1,255.0,0.0,255,1,0,0.0,0.0,0.0,0.0,0.0,0.0,0.0,0.0,5.0,198.4,0,0,0,1
4,7.093474,1,255.0,0.0,255,1,0,0.0,0.0,0.0,0.0,0.0,0.0,0.0,0.0,4.0,220.0,0,0,0,1
57,57.140531,1,64.0,0.0,64,1,0,0.0,0.0,0.0,0.0,0.0,0.0,0.0,0.0,57.0,74.0,0,0,0,1
20,53.172736,1,55.0,0.0,55,1,0,0.0,1.0,0.0,0.0,0.5,0.0,0.0,0.0,0.0,0.0,0,0,1,0
20,53.090036,1,64.0,0.0,64,1,0,0.0,1.0,0.0,0.0,0.5,0.0,0.0,0.0,0.0,0.0,0,0,1,0
12,52.841916,1,64.0,0.0,64,1,0,0.0,0.0,0.0,0.0,0.0,0.0,0.0,0.0,12.0,50.0,0,0,0,1
12,52.841834,12,64.0,0.0,64,1,0,0.0,0.0,0.0,0.0,0.0,0.0,0.0,0.0,12.0,121.0,0,0,0,1
14,49.225852,2,58.0,0.0,58,1,0,0.0,1.0,0.0,0.0,0.42857142857142855,0.0,0.0,0.0,0.0,0.0,0,0,1,0
12,49.213242,1,64.0,0.0,64,1,0,0.0,1.0,0.0,0.0,0.5,0.0,0.0,0.0,0.0,0.0,0,0,1,0
2,27.003331,1,64.0,0.0,64,1,0,0.0,0.0,0.0,0.0,0.0,0.0,0.0,0.0,2.0,29.0,0,0,0,1
2,27.005718,1,59.0,0.0,59,1,0,0.0,0.0,0.0,0.0,0.0,0.0,0.0,0.0,2.0,26.0,0,0,0,1
2,45.080400,1,64.0,0.0,64,1,0,0.0,1.0,0.0,0.0,0.0,0.0,0.0,0.0,0.0,0.0,0,0,1,0
2,45.080444,1,120.0,0.0,120,1,0,0.0,1.0,0.0,0.0,0.0,0.0,0.0,0.0,0.0,0.0,0,0,1,0
6,40.051240,1,58.0,0.0,58,1,0,0.0,1.0,0.0,0.0,0.5,0.0,0.0,0.0,0.0,0.0,0,0,1,0
6,40.039795,1,64.0,0.0,64,1,0,0.0,1.0,0.0,0.0,0.5,0.0,0.0,0.0,0.0,0.0,0,0,1,0
5,25.107077,1,247.0,0.0,247,1,0,0.0,1.0,0.0,0.0,0.4,0.0,0.0,0.0,0.0,0.0,0,0,1,0
4,25.088771,1,64.0,0.0,64,1,0,0.0,1.0,0.0,0.0,0.5,0.0,0.0,0.0,0.0,0.0,0,0,1,0
3,8.491097,1,64.0,0.0,64,1,0,0.0,1.0,0.0,0.0,0.3333333333333333,0.0,0.0,0.0,0.0,0.0,0,0,1,0
3,8.411544,1,52.0,0.0,52,1,0,0.0,1.0,0.0,0.0,0.3333333333333333,0.0,0.0,0.0,0.0,0.0,0,0,1,0
59,59.188068,1,64.0,0.0,64,1,0,0.0,0.0,0.0,0.0,0.0,0.0,0.0,0.0,59.0,74.0,0,0,0,1
6,50.122366,1,247.0,0.0,247,1,0,0.0,1.0,0.0,0.0,0.5,0.0,0.0,0.0,0.0,0.0,0,0,1,0
6,50.110308,1,64.0,0.0,64,1,0,0.0,1.0,0.0,0.0,0.5,0.0,0.0,0.0,0.0,0.0,0,0,1,0
28,44.521906,1,64.0,0.0,64,2,0,0.0,0.0,0.0,0.0,0.0,0.0,0.0,0.0,20.0,316.3,0,0,0,1
8,0.165355,1,64.0,0.0,64,1,0,0.0,0.0,0.0,0.0,0.0,0.0,0.0,0.0,8.0,447.0,0,0,0,1
50,44.443844,1,55.0,0.0,55,1,0,0.0,0.0,0.0,0.0,0.0,0.0,0.0,0.0,50.0,506.56,0,0,0,1
15,0.090744,1,53.0,0.0,53,1,0,0.0,0.0,0.0,0.0,0.0,0.0,0.0,0.0,15.0,750.7333333333333,0,0,0,1
16,52.895141,1,64.0,0.0,64,2,0,0.0,0.0,0.0,0.0,0.0,0.0,0.0,0.0,12.0,50.0,0,0,0,1
12,52.895398,12,64.0,0.0,64,1,0,0.0,0.0,0.0,0.0,0.0,0.0,0.0,0.0,12.0,121.0,0,0,0,1
13,52.545101,2,58.0,0.0,58,1,0,0.0,1.0,0.0,0.0,0.46153846153846156,0.0,0.0,0.0,0.0,0.0,0,0,1,0
12,52.531402,1,64.0,0.0,64,1,0,0.0,1.0,0.0,0.0,0.5,0.0,0.0,0.0,0.0,0.0,0,0,1,0
2,45.078750,1,64.0,0.0,64,1,0,0.0,1.0,0.0,0.0,0.0,0.0,0.0,0.0,0.0,0.0,0,0,1,0
2,45.091479,1,120.0,0.0,120,1,0,0.0,1.0,0.0,0.0,0.0,0.0,0.0,0.0,0.0,0.0,0,0,1,0
3,50.278295,1,55.0,0.0,55,1,0,0.0,1.0,0.0,0.0,0.6666666666666666,0.0,0.0,0.0,0.0,0.0,0,0,1,0
3,50.180131,1,64.0,0.0,64,1,0,0.0,1.0,0.0,0.0,0.3333333333333333,0.0,0.0,0.0,0.0,0.0,0,0,1,0
6,40.052919,1,58.0,0.0,58,1,0,0.0,1.0,0.0,0.0,0.5,0.0,0.0,0.0,0.0,0.0,0,0,1,0
6,40.039282,1,64.0,0.0,64,1,0,0.0,1.0,0.0,0.0,0.5,0.0,0.0,0.0,0.0,0.0,0,0,1,0
4,5.074162,1,64.0,0.0,64,1,0,0.0,0.0,0.0,0.0,0.0,0.0,0.0,0.0,4.0,35.0,0,0,0,1
4,5.068400,4,64.0,0.0,64,1,0,0.0,0.0,0.0,0.0,0.0,0.0,0.0,0.0,4.0,173.0,0,0,0,1
34,0.082223,1,64.0,0.0,64,1,0,0.029411764705882353,0.9705882352941176,0.0,0.0,0.17647058823529413,0.0,0.0,0.030303030303030304,0.0,0.0,0,0,1,0
53,0.072006,1,52.0,0.0,52,1,0,0.018867924528301886,1.0,0.0,0.0,0.4716981132075472,0.0,0.0,0.018867924528301886,0.0,0.0,0,0,1,0
1,0.001,1,64.0,0.0,64,1,0,0.0,1.0,0.0,0.0,0.0,0.0,0.0,0.0,0.0,0.0,0,0,1,0
1,0.001,1,58.0,0.0,58,1,0,0.0,1.0,0.0,0.0,0.0,0.0,0.0,0.0,0.0,0.0,0,0,1,0
2,0.197120,1,64.0,0.0,64,1,0,0.0,1.0,0.0,0.0,0.5,0.0,0.0,0.0,0.0,0.0,0,0,1,0
2,0.117926,1,52.0,0.0,52,1,0,0.0,1.0,0.0,0.0,0.5,0.0,0.0,0.0,0.0,0.0,0,0,1,0
3,2.061198,1,255.0,0.0,255,1,0,0.0,0.0,0.0,0.0,0.0,0.0,0.0,0.0,3.0,126.66666666666667,0,0,0,1
7,2.044395,1,255.0,0.0,255,1,0,0.0,0.0,0.0,0.0,0.0,0.0,0.0,0.0,7.0,346.85714285714283,0,0,0,1
59,58.163907,1,64.0,0.0,64,1,0,0.0,0.0,0.0,0.0,0.0,0.0,0.0,0.0,59.0,74.0,0,0,0,1
2,45.366999,1,64.0,0.0,64,1,0,0.0,1.0,0.0,0.0,0.0,0.0,0.0,0.0,0.0,0.0,0,0,1,0
2,45.367218,1,120.0,0.0,120,1,0,0.0,1.0,0.0,0.0,0.0,0.0,0.0,0.0,0.0,0.0,0,0,1,0
14,56.680275,1,64.0,0.0,64,2,0,0.0,0.0,0.0,0.0,0.0,0.0,0.0,0.0,13.0,50.0,0,0,0,1
13,56.680273,13,64.0,0.0,64,1,0,0.0,0.0,0.0,0.0,0.0,0.0,0.0,0.0,13.0,121.0,0,0,0,1
14,49.203828,2,58.0,0.0,58,1,0,0.0,1.0,0.0,0.0,0.42857142857142855,0.0,0.0,0.0,0.0,0.0,0,0,1,0
12,49.189673,1,64.0,0.0,64,1,0,0.0,1.0,0.0,0.0,0.5,0.0,0.0,0.0,0.0,0.0,0,0,1,0
17,43.816418,1,55.0,0.0,55,1,0,0.0,1.0,0.0,0.0,0.47058823529411764,0.0,0.0,0.0,0.0,0.0,0,0,1,0
17,43.816399,1,64.0,0.0,64,1,0,0.0,1.0,0.0,0.0,0.5294117647058824,0.0,0.0,0.0,0.0,0.0,0,0,1,0
9,27.080422,1,64.0,0.0,64,1,0,0.0,0.0,0.0,0.0,0.0,0.0,0.0,0.0,9.0,586.2222222222222,0,0,0,1
13,27.078817,1,59.0,0.0,59,1,0,0.0,0.0,0.0,0.0,0.0,0.0,0.0,0.0,13.0,508.0769230769231,0,0,0,1
3,45.202326,1,64.0,0.0,64,1,0,0.0,1.0,0.0,0.0,0.3333333333333333,0.0,0.0,0.0,0.0,0.0,0,0,1,0
2,0.000100,1,64.0,0.0,64,1,0,0.0,0.0,0.0,0.0,0.0,0.0,0.0,0.0,2.0,33.0,0,0,0,1
2,0.001015,2,64.0,0.0,64,1,0,0.0,0.0,0.0,0.0,0.0,0.0,0.0,0.0,2.0,226.5,0,0,0,1
21,0.154472,1,64.0,0.0,64,1,0,0.0,0.0,0.0,0.0,0.0,0.0,0.0,0.0,21.0,624.4285714285714,0,0,0,1
20,0.153929,1,59.0,0.0,59,1,0,0.0,0.0,0.0,0.0,0.0,0.0,0.0,0.0,20.0,307.4,0,0,0,1
3,45.200752,1,52.0,0.0,52,1,0,0.0,1.0,0.0,0.0,0.3333333333333333,0.0,0.0,0.0,0.0,0.0,0,0,1,0
6,40.051060,1,58.0,0.0,58,1,0,0.0,1.0,0.0,0.0,0.5,0.0,0.0,0.0,0.0,0.0,0,0,1,0
6,40.038168,1,64.0,0.0,64,1,0,0.0,1.0,0.0,0.0,0.5,0.0,0.0,0.0,0.0,0.0,0,0,1,0
5,0.142734,1,64.0,0.0,64,1,0,0.0,0.0,0.0,0.0,0.0,0.0,0.0,0.0,5.0,49.8,0,0,0,1
7,0.135394,1,60.0,0.0,60,1,0,0.0,0.0,0.0,0.0,0.0,0.0,0.0,0.0,7.0,110.14285714285714,0,0,0,1
4,25.100729,1,247.0,0.0,247,1,0,0.0,1.0,0.0,0.0,0.5,0.0,0.0,0.0,0.0,0.0,0,0,1,0
4,25.089129,1,64.0,0.0,64,1,0,0.0,1.0,0.0,0.0,0.5,0.0,0.0,0.0,0.0,0.0,0,0,1,0
4,7.002011,1,255.0,0.0,255,1,0,0.0,0.0,0.0,0.0,0.0,0.0,0.0,0.0,4.0,220.0,0,0,0,1
4,5.837168,1,255.0,0.0,255,1,0,0.0,0.0,0.0,0.0,0.0,0.0,0.0,0.0,4.0,164.75,0,0,0,1
7,1.949273,1,255.0,0.0,255,1,0,0.0,0.0,0.0,0.0,0.0,0.0,0.0,0.0,7.0,346.85714285714283,0,0,0,1
3,1.536214,1,128.0,0.0,128,1,0,0.0,0.0,0.0,0.0,0.0,0.0,0.0,0.0,3.0,50.0,0,0,0,1
17,58.140465,1,64.0,0.0,64,2,0,0.0,0.0,0.0,0.0,0.0,0.0,0.0,0.0,13.0,50.0,0,0,0,1
13,57.586055,13,64.0,0.0,64,1,0,0.0,0.0,0.0,0.0,0.0,0.0,0.0,0.0,13.0,121.0,0,0,0,1
1,0.001,1,1.0,0.0,1,1,0,0.0,0.0,0.0,0.0,0.0,0.0,0.0,0.0,1.0,39.0,0,0,0,1
59,59.060049,1,64.0,0.0,64,1,0,0.0,0.0,0.0,0.0,0.0,0.0,0.0,0.0,59.0,74.0,0,0,0,1
4,0.060492,1,53.0,0.0,53,1,0,0.0,0.25,0.25,0.75,0.0,0.0,0.0,0.0,0.0,0.0,0,0,1,0
3,0.001052,1,64.0,0.0,64,1,0,0.0,1.0,0.3333333333333333,0.0,0.3333333333333333,0.0,0.0,0.0,0.0,0.0,0,0,1,0
2,45.147347,1,64.0,0.0,64,1,0,0.0,1.0,0.0,0.0,0.0,0.0,0.0,0.0,0.0,0.0,0,0,1,0
2,45.144183,1,120.0,0.0,120,1,0,0.0,1.0,0.0,0.0,0.0,0.0,0.0,0.0,0.0,0.0,0,0,1,0
18,54.092563,1,55.0,0.0,55,1,0,0.0,1.0,0.0,0.0,0.5,0.0,0.0,0.0,0.0,0.0,0,0,1,0
18,53.902942,1,64.0,0.0,64,1,0,0.0,1.0,0.0,0.0,0.5,0.0,0.0,0.0,0.0,0.0,0,0,1,0
4,45.031488,1,64.0,0.0,64,1,0,0.0,1.0,0.25,0.0,0.0,0.0,0.0,0.0,0.0,0.0,0,0,1,0
6,45.025204,1,52.0,0.0,52,1,0,0.0,1.0,0.3333333333333333,0.0,0.3333333333333333,0.0,0.0,0.0,0.0,0.0,0,0,1,0
14,49.150542,2,58.0,0.0,58,1,0,0.0,1.0,0.0,0.0,0.42857142857142855,0.0,0.0,0.0,0.0,0.0,0,0,1,0
12,49.133952,1,64.0,0.0,64,1,0,0.0,1.0,0.0,0.0,0.5,0.0,0.0,0.0,0.0,0.0,0,0,1,0
3,45.198838,1,64.0,0.0,64,1,0,0.0,1.0,0.0,0.0,0.3333333333333333,0.0,0.0,0.0,0.0,0.0,0,0,1,0
10,0.123173,1,64.0,0.0,64,1,0,0.0,0.0,0.0,0.0,0.0,0.0,0.0,0.0,10.0,513.8,0,0,0,1
13,0.122680,1,60.0,0.0,60,1,0,0.0,0.0,0.0,0.0,0.0,0.0,0.0,0.0,13.0,469.0769230769231,0,0,0,1
3,45.199652,1,52.0,0.0,52,1,0,0.0,1.0,0.0,0.0,0.3333333333333333,0.0,0.0,0.0,0.0,0.0,0,0,1,0
6,25.102387,1,247.0,0.0,247,1,0,0.0,1.0,0.0,0.0,0.3333333333333333,0.0,0.0,0.0,0.0,0.0,0,0,1,0
4,25.089557,1,64.0,0.0,64,1,0,0.0,1.0,0.0,0.0,0.5,0.0,0.0,0.0,0.0,0.0,0,0,1,0
6,39.994691,1,58.0,0.0,58,1,0,0.0,1.0,0.0,0.0,0.5,0.0,0.0,0.0,0.0,0.0,0,0,1,0
6,39.982373,1,64.0,0.0,64,1,0,0.0,1.0,0.0,0.0,0.5,0.0,0.0,0.0,0.0,0.0,0,0,1,0
19,0.180300,1,64.0,0.0,64,1,0,0.0,0.0,0.0,0.0,0.0,0.0,0.0,0.0,19.0,634.2105263157895,0,0,0,1
19,0.199206,1,60.0,0.0,60,1,0,0.0,0.0,0.0,0.0,0.0,0.0,0.0,0.0,19.0,325.36842105263156,0,0,0,1
6,31.497249,1,64.0,0.0,64,1,0,0.0,0.0,0.0,0.0,0.0,0.0,0.0,0.0,6.0,35.333333333333336,0,0,0,1
6,31.548541,6,64.0,0.0,64,1,0,0.0,0.0,0.0,0.0,0.0,0.0,0.0,0.0,6.0,104.0,0,0,0,1
8,0.150711,1,64.0,0.0,64,1,0,0.0,0.0,0.0,0.0,0.0,0.0,0.0,0.0,8.0,413.5,0,0,0,1
12,0.175367,1,55.0,0.0,55,1,0,0.0,0.0,0.0,0.0,0.0,0.0,0.0,0.0,12.0,383.0833333333333,0,0,0,1
1,0.001,0,1.0,0.0,1,1,0,0.0,0.0,0.0,0.0,0.0,0.0,0.0,0.0,0.0,0.0,0,1,0,0
1,0.001,0,1.0,0.0,1,1,0,0.0,0.0,0.0,0.0,0.0,0.0,0.0,0.0,0.0,0.0,0,1,0,0
2,0.000107,1,64.0,0.0,64,1,0,0.0,0.0,0.0,0.0,0.0,0.0,0.0,0.0,2.0,211.0,0,0,0,1
8,0.148404,1,64.0,0.0,64,1,0,0.0,0.0,0.0,0.0,0.0,0.0,0.0,0.0,8.0,423.125,0,0,0,1
11,0.146283,1,57.0,0.0,57,1,0,0.0,0.0,0.0,0.0,0.0,0.0,0.0,0.0,11.0,399.1818181818182,0,0,0,1
19,1.024539,1,64.0,0.0,64,1,0,0.0,0.0,0.0,0.0,0.0,0.0,0.0,0.0,19.0,535.2631578947369,0,0,0,1
23,0.908753,1,60.0,0.0,60,1,0,0.0,0.0,0.0,0.0,0.0,0.0,0.0,0.0,23.0,431.95652173913044,0,0,0,1
58,59.194741,1,64.0,0.0,64,1,0,0.0,0.0,0.0,0.0,0.0,0.0,0.0,0.0,58.0,74.0,0,0,0,1
17,47.432880,2,58.0,0.0,58,1,0,0.058823529411764705,1.0,0.0,0.0,0.35294117647058826,0.0,0.0,0.058823529411764705,0.0,0.0,0,0,1,0
21,47.432789,1,64.0,0.0,64,1,0,0.047619047619047616,0.9523809523809523,0.0,0.0,0.38095238095238093,0.0,0.0,0.05,0.0,0.0,0,0,1,0
16,40.015337,2,58.0,0.0,58,1,0,0.0,1.0,0.0625,0.0,0.4375,0.0,0.0,0.0,0.0,0.0,0,0,1,0
14,40.001098,1,64.0,0.0,64,1,0,0.0,1.0,0.07142857142857142,0.0,0.42857142857142855,0.0,0.0,0.0,0.0,0.0,0,0,1,0
16,53.304169,1,64.0,0.0,64,2,0,0.0,0.0,0.0,0.0,0.0,0.0,0.0,0.0,12.0,50.0,0,0,0,1
12,53.304163,12,64.0,0.0,64,1,0,0.0,0.0,0.0,0.0,0.0,0.0,0.0,0.0,12.0,121.0,0,0,0,1
1,0.001,0,1.0,0.0,1,1,0,0.0,0.0,0.0,0.0,0.0,0.0,0.0,0.0,0.0,0.0,0,1,0,0
7,48.027364,1,255.0,0.0,255,1,0,0.0,0.0,0.0,0.0,0.0,0.0,0.0,0.0,7.0,200.0,0,0,0,1
1,0.001,0,1.0,0.0,1,1,0,0.0,0.0,0.0,0.0,0.0,0.0,0.0,0.0,0.0,0.0,0,1,0,0
4,0.056490,1,53.0,0.0,53,1,0,0.0,0.0,0.0,0.0,0.0,0.0,0.0,0.0,4.0,40.5,0,0,0,1
3,0.038350,1,64.0,0.0,64,2,0,0.0,0.0,0.0,0.0,0.0,0.0,0.0,0.0,2.0,32.0,0,0,0,1
2,0.085031,1,64.0,0.0,64,1,0,0.0,1.0,0.0,0.0,0.5,0.0,0.0,0.0,0.0,0.0,0,0,1,0
2,0.002120,1,50.0,0.0,50,1,0,0.0,1.0,0.0,0.0,0.5,0.0,0.0,0.0,0.0,0.0,0,0,1,0
6,50.096168,1,247.0,0.0,247,1,0,0.0,1.0,0.0,0.0,0.5,0.0,0.0,0.0,0.0,0.0,0,0,1,0
6,50.081894,1,64.0,0.0,64,1,0,0.0,1.0,0.0,0.0,0.5,0.0,0.0,0.0,0.0,0.0,0,0,1,0
2,27.002144,1,64.0,0.0,64,1,0,0.0,0.0,0.0,0.0,0.0,0.0,0.0,0.0,2.0,29.0,0,0,0,1
2,26.999234,1,60.0,0.0,60,1,0,0.0,0.0,0.0,0.0,0.0,0.0,0.0,0.0,2.0,26.0,0,0,0,1
18,35.537607,1,64.0,0.0,64,1,0,0.0,1.0,0.0,0.0,0.5,0.0,0.0,0.0,0.0,0.0,0,0,1,0
18,35.532805,1,55.0,0.0,55,1,0,0.0,1.0,0.0,0.0,0.5,0.0,0.0,0.0,0.0,0.0,0,0,1,0
3,8.706267,1,64.0,0.0,64,1,0,0.0,1.0,0.0,0.0,0.3333333333333333,0.0,0.0,0.0,0.0,0.0,0,0,1,0
3,8.620949,1,52.0,0.0,52,1,0,0.0,1.0,0.0,0.0,0.3333333333333333,0.0,0.0,0.0,0.0,0.0,0,0,1,0
1,0.001,1,64.0,0.0,64,1,0,0.0,1.0,0.0,0.0,0.0,0.0,0.0,0.0,0.0,0.0,0,0,1,0
1,0.001,1,120.0,0.0,120,1,0,0.0,1.0,0.0,0.0,0.0,0.0,0.0,0.0,0.0,0.0,0,0,1,0
7,2.050639,1,255.0,0.0,255,1,0,0.0,0.0,0.0,0.0,0.0,0.0,0.0,0.0,7.0,346.85714285714283,0,0,0,1
5,1.076091,1,64.0,0.0,64,1,0,0.0,0.0,0.0,0.0,0.0,0.0,0.0,0.0,5.0,31.6,0,0,0,1
5,1.066061,5,64.0,0.0,64,1,0,0.0,0.0,0.0,0.0,0.0,0.0,0.0,0.0,5.0,80.8,0,0,0,1
17,0.773537,1,64.0,0.0,64,1,0,0.058823529411764705,0.9411764705882353,0.0,0.0,0.29411764705882354,0.0,0.0,0.0625,0.0,0.0,0,0,1,0
15,0.760576,1,58.0,0.0,58,1,0,0.06666666666666667,1.0,0.0,0.0,0.4,0.0,0.0,0.06666666666666667,0.0,0.0,0,0,1,0
2,0.094289,1,64.0,0.0,64,1,0,0.0,0.0,0.0,0.0,0.0,0.0,0.0,0.0,2.0,48.0,0,0,0,1
2,0.094637,2,50.0,0.0,50,1,0,0.0,0.0,0.0,0.0,0.0,0.0,0.0,0.0,2.0,48.0,0,0,0,1
1,0.001,1,64.0,0.0,64,1,0,0.0,0.0,0.0,0.0,0.0,0.0,0.0,0.0,1.0,48.0,0,0,0,1
1,0.001,1,51.0,0.0,51,1,0,0.0,0.0,0.0,0.0,0.0,0.0,0.0,0.0,1.0,48.0,0,0,0,1
59,58.164346,1,64.0,0.0,64,1,0,0.0,0.0,0.0,0.0,0.0,0.0,0.0,0.0,59.0,74.0,0,0,0,1
61,36.046360,1,21.81967213114754,69.6759497507066,255,1,0,0.0,0.0,0.0,0.0,0.0,0.0,0.0,0.0,61.0,110.80327868852459,0,0,0,1
5,7.636046,1,255.0,0.0,255,1,0,0.0,0.0,0.0,0.0,0.0,0.0,0.0,0.0,5.0,176.0,0,0,0,1
41,54.757874,1,55.0,0.0,55,1,0,0.0,1.0,0.0,0.0,0.5121951219512195,0.0,0.0,0.0,0.0,0.0,0,0,1,0
42,54.757743,1,64.0,0.0,64,1,0,0.0,1.0,0.0,0.0,0.5,0.0,0.0,0.0,0.0,0.0,0,0,1,0
14,55.881361,1,64.0,0.0,64,2,0,0.0,0.0,0.0,0.0,0.0,0.0,0.0,0.0,13.0,50.0,0,0,0,1
13,55.881334,13,64.0,0.0,64,1,0,0.0,0.0,0.0,0.0,0.0,0.0,0.0,0.0,13.0,121.0,0,0,0,1
2,27.002952,1,64.0,0.0,64,1,0,0.0,0.0,0.0,0.0,0.0,0.0,0.0,0.0,2.0,29.0,0,0,0,1
3,35.746269,1,59.0,0.0,59,1,0,0.0,0.0,0.0,0.0,0.0,0.0,0.0,0.0,3.0,40.0,0,0,0,1
23,30.005436,4,128.0,0.0,128,1,0,0.0,0.0,0.0,0.0,0.0,0.0,0.0,0.0,23.0,28.608695652173914,0,0,0,1
15,49.245997,2,58.0,0.0,58,1,0,0.0,1.0,0.0,0.0,0.4,0.0,0.0,0.0,0.0,0.0,0,0,1,0
12,49.233003,1,64.0,0.0,64,1,0,0.0,1.0,0.0,0.0,0.5,0.0,0.0,0.0,0.0,0.0,0,0,1,0
2,0.000150,1,64.0,0.0,64,1,0,0.0,0.0,0.0,0.0,0.0,0.0,0.0,0.0,2.0,37.0,0,0,0,1
2,0.000925,2,64.0,0.0,64,1,0,0.0,0.0,0.0,0.0,0.0,0.0,0.0,0.0,2.0,70.0,0,0,0,1
14,0.193793,1,64.0,0.0,64,1,0,0.0,0.0,0.0,0.0,0.0,0.0,0.0,0.0,14.0,558.9285714285714,0,0,0,1
19,0.216760,1,57.0,0.0,57,1,0,0.0,0.0,0.0,0.0,0.0,0.0,0.0,0.0,19.0,383.4736842105263,0,0,0,1
1,0.001,1,128.0,0.0,128,1,0,0.0,0.0,0.0,0.0,0.0,0.0,0.0,0.0,1.0,52.0,0,0,0,1
2,0.220760,1,64.0,0.0,64,1,0,0.0,1.0,0.0,0.0,0.5,0.0,0.0,0.0,0.0,0.0,0,0,1,0
2,0.124235,1,50.0,0.0,50,1,0,0.0,1.0,0.0,0.0,0.5,0.0,0.0,0.0,0.0,0.0,0,0,1,0
5,25.096763,1,247.0,0.0,247,1,0,0.0,1.0,0.0,0.0,0.4,0.0,0.0,0.0,0.0,0.0,0,0,1,0
4,25.085600,1,64.0,0.0,64,1,0,0.0,1.0,0.0,0.0,0.5,0.0,0.0,0.0,0.0,0.0,0,0,1,0
2,15.538182,1,64.0,0.0,64,1,0,0.0,1.0,0.0,0.0,0.0,0.0,0.0,0.0,0.0,0.0,0,0,1,0
2,15.541576,2,58.0,0.0,58,1,0,0.0,1.0,0.0,0.0,0.0,0.0,0.0,0.0,0.0,0.0,0,0,1,0
6,40.035421,1,58.0,0.0,58,1,0,0.0,1.0,0.0,0.0,0.5,0.0,0.0,0.0,0.0,0.0,0,0,1,0
6,40.021631,1,64.0,0.0,64,1,0,0.0,1.0,0.0,0.0,0.5,0.0,0.0,0.0,0.0,0.0,0,0,1,0
101,15.053191,3,128.0,0.0,128,1,0,0.0,0.0,0.0,0.0,0.0,0.0,0.0,0.0,101.0,41.00990099009901,0,0,0,1
8,14.950201,1,255.0,0.0,255,1,0,0.0,0.0,0.0,0.0,0.0,0.0,0.0,0.0,8.0,607.375,0,0,0,1
1,0.001,1,64.0,0.0,64,1,0,0.0,1.0,0.0,0.0,0.0,0.0,0.0,0.0,0.0,0.0,0,0,1,0
1,0.001,1,120.0,0.0,120,1,0,0.0,1.0,0.0,0.0,0.0,0.0,0.0,0.0,0.0,0.0,0,0,1,0
1,0.001,1,255.0,0.0,255,1,0,0.0,0.0,0.0,0.0,0.0,0.0,0.0,0.0,1.0,60.0,0,0,0,1
2,0.000001,1,1.0,0.0,1,1,0,0.0,0.0,0.0,0.0,0.0,0.0,0.0,0.0,2.0,40.0,0,0,0,1
1,0.001,1,255.0,0.0,255,1,0,0.0,0.0,0.0,0.0,0.0,0.0,0.0,0.0,1.0,94.0,0,0,0,1
4,2.719325,1,128.0,0.0,128,1,0,0.0,0.0,0.0,0.0,0.0,0.0,0.0,0.0,4.0,50.0,0,0,0,1
20,52.607257,2,58.0,0.0,58,1,0,0.05,1.0,0.0,0.0,0.35,0.0,0.0,0.05,0.0,0.0,0,0,1,0
22,52.607240,1,64.0,0.0,64,1,0,0.045454545454545456,0.9545454545454546,0.0,0.0,0.36363636363636365,0.0,0.0,0.047619047619047616,0.0,0.0,0,0,1,0
58,58.163595,1,64.0,0.0,64,1,0,0.0,0.0,0.0,0.0,0.0,0.0,0.0,0.0,58.0,74.0,0,0,0,1
7,50.087526,1,247.0,0.0,247,1,0,0.0,1.0,0.0,0.0,0.42857142857142855,0.0,0.0,0.0,0.0,0.0,0,0,1,0
6,50.075538,1,64.0,0.0,64,1,0,0.0,1.0,0.0,0.0,0.5,0.0,0.0,0.0,0.0,0.0,0,0,1,0
3,1.023342,1,1.0,0.0,1,1,0,0.0,0.0,0.0,0.0,0.0,0.0,0.0,0.0,3.0,39.0,0,0,0,1
16,56.525352,1,64.0,0.0,64,2,0,0.0,0.0,0.0,0.0,0.0,0.0,0.0,0.0,13.0,50.0,0,0,0,1
13,56.525295,13,64.0,0.0,64,1,0,0.0,0.0,0.0,0.0,0.0,0.0,0.0,0.0,13.0,121.0,0,0,0,1
17,42.206021,2,58.0,0.0,58,1,0,0.0,1.0,0.058823529411764705,0.0,0.4117647058823529,0.0,0.0,0.0,0.0,0.0,0,0,1,0
14,42.192635,1,64.0,0.0,64,1,0,0.0,1.0,0.07142857142857142,0.0,0.42857142857142855,0.0,0.0,0.0,0.0,0.0,0,0,1,0
13,53.296032,1,64.0,0.0,64,1,0,0.0,1.0,0.0,0.0,0.5384615384615384,0.0,0.0,0.0,0.0,0.0,0,0,1,0
13,53.290789,1,55.0,0.0,55,1,0,0.0,1.0,0.0,0.0,0.46153846153846156,0.0,0.0,0.0,0.0,0.0,0,0,1,0
11,39.810257,1,64.0,0.0,64,1,0,0.0,1.0,0.0,0.0,0.2727272727272727,0.0,0.0,0.0,0.0,0.0,0,0,1,0
11,39.844087,1,58.0,0.0,58,1,0,0.0,1.0,0.0,0.0,0.36363636363636365,0.0,0.0,0.0,0.0,0.0,0,0,1,0
3,5.113971,1,64.0,0.0,64,1,0,0.0,1.0,0.0,0.0,0.3333333333333333,0.0,0.0,0.0,0.0,0.0,0,0,1,0
3,5.028209,1,52.0,0.0,52,1,0,0.0,1.0,0.0,0.0,0.3333333333333333,0.0,0.0,0.0,0.0,0.0,0,0,1,0
9,2.049434,1,255.0,0.0,255,1,0,0.0,0.0,0.0,0.0,0.0,0.0,0.0,0.0,9.0,295.8888888888889,0,0,0,1
3,2.042727,1,255.0,0.0,255,1,0,0.0,0.0,0.0,0.0,0.0,0.0,0.0,0.0,3.0,126.66666666666667,0,0,0,1
1,0.001,1,64.0,0.0,64,1,0,0.0,1.0,0.0,0.0,0.0,0.0,0.0,0.0,0.0,0.0,0,0,1,0
1,0.001,1,120.0,0.0,120,1,0,0.0,1.0,0.0,0.0,0.0,0.0,0.0,0.0,0.0,0.0,0,0,1,0
6,5.926567,1,64.0,0.0,64,1,0,0.0,0.0,0.0,0.0,0.0,0.0,0.0,0.0,6.0,33.0,0,0,0,1
6,5.918715,6,64.0,0.0,64,1,0,0.0,0.0,0.0,0.0,0.0,0.0,0.0,0.0,6.0,86.33333333333333,0,0,0,1
14,0.211575,1,64.0,0.0,64,1,0,0.0,0.0,0.0,0.0,0.0,0.0,0.0,0.0,14.0,560.2142857142857,0,0,0,1
18,0.234065,1,60.0,0.0,60,1,0,0.0,0.0,0.0,0.0,0.0,0.0,0.0,0.0,18.0,459.5,0,0,0,1
4,7.093512,1,255.0,0.0,255,1,0,0.0,0.0,0.0,0.0,0.0,0.0,0.0,0.0,4.0,220.0,0,0,0,1
43,51.829306,1,55.0,0.0,55,1,0,0.0,1.0,0.0,0.0,0.46511627906976744,0.0,0.0,0.0,0.0,0.0,0,0,1,0
15,55.788469,1,64.0,0.0,64,2,0,0.0,0.0,0.0,0.0,0.0,0.0,0.0,0.0,12.0,50.0,0,0,0,1
44,51.747480,1,64.0,0.0,64,1,0,0.0,1.0,0.0,0.0,0.5454545454545454,0.0,0.0,0.0,0.0,0.0,0,0,1,0
12,55.788674,12,64.0,0.0,64,1,0,0.0,0.0,0.0,0.0,0.0,0.0,0.0,0.0,12.0,121.0,0,0,0,1
3,45.014238,1,64.0,0.0,64,1,0,0.0,1.0,0.0,0.0,0.0,0.0,0.0,0.0,0.0,0.0,0,0,1,0
3,45.015553,2,58.0,0.0,58,1,0,0.0,1.0,0.0,0.0,0.0,0.0,0.0,0.0,0.0,0.0,0,0,1,0
55,57.140184,1,64.0,0.0,64,1,0,0.0,0.0,0.0,0.0,0.0,0.0,0.0,0.0,55.0,74.0,0,0,0,1
8,39.944255,1,58.0,0.0,58,1,0,0.0,1.0,0.0,0.0,0.375,0.0,0.0,0.0,0.0,0.0,0,0,1,0
6,39.931909,1,64.0,0.0,64,1,0,0.0,1.0,0.0,0.0,0.5,0.0,0.0,0.0,0.0,0.0,0,0,1,0
12,50.834841,2,58.0,0.0,58,1,0,0.0,1.0,0.0,0.0,0.5,0.0,0.0,0.0,0.0,0.0,0,0,1,0
12,50.822540,1,64.0,0.0,64,1,0,0.0,1.0,0.0,0.0,0.5,0.0,0.0,0.0,0.0,0.0,0,0,1,0
56,14.225152,1,1.0,0.0,1,1,0,0.0,0.0,0.0,0.0,0.0,0.0,0.0,0.0,56.0,102.66071428571429,0,0,0,1
51,6.030518,3,128.0,0.0,128,1,0,0.0,0.0,0.0,0.0,0.0,0.0,0.0,0.0,51.0,40.88235294117647,0,0,0,1
12,45.836253,3,128.0,0.0,128,1,0,0.0,0.0,0.0,0.0,0.0,0.0,0.0,0.0,12.0,30.0,0,0,0,1
4,6.860181,1,255.0,0.0,255,1,0,0.0,0.0,0.0,0.0,0.0,0.0,0.0,0.0,4.0,836.0,0,0,0,1
5,25.061795,1,247.0,0.0,247,1,0,0.0,1.0,0.0,0.0,0.4,0.0,0.0,0.0,0.0,0.0,0,0,1,0
4,25.050390,1,64.0,0.0,64,1,0,0.0,1.0,0.0,0.0,0.5,0.0,0.0,0.0,0.0,0.0,0,0,1,0
1,0.001,1,120.0,0.0,120,1,0,0.0,1.0,0.0,0.0,1.0,0.0,0.0,0.0,0.0,0.0,0,0,1,0
1,0.001,1,64.0,0.0,64,1,0,0.0,1.0,0.0,0.0,0.0,0.0,0.0,0.0,0.0,0.0,0,0,1,0
4,35.057056,1,64.0,0.0,64,1,0,0.0,0.0,0.0,0.0,0.0,0.0,0.0,0.0,4.0,35.0,0,0,0,1
4,35.061806,4,64.0,0.0,64,1,0,0.0,0.0,0.0,0.0,0.0,0.0,0.0,0.0,4.0,110.0,0,0,0,1
16,0.233316,1,64.0,0.0,64,1,0,0.0,0.0,0.0,0.0,0.0,0.0,0.0,0.0,16.0,596.5,0,0,0,1
19,0.228466,1,60.0,0.0,60,1,0,0.0,0.0,0.0,0.0,0.0,0.0,0.0,0.0,19.0,520.8421052631579,0,0,0,1
3,2.969400,1,255.0,0.0,255,1,0,0.0,0.0,0.0,0.0,0.0,0.0,0.0,0.0,3.0,372.0,0,0,0,1
3,15.186891,1,64.0,0.0,64,1,0,0.0,1.0,0.0,0.0,0.3333333333333333,0.0,0.0,0.0,0.0,0.0,0,0,1,0
3,15.091435,1,50.0,0.0,50,1,0,0.0,1.0,0.0,0.0,0.3333333333333333,0.0,0.0,0.0,0.0,0.0,0,0,1,0
1,0.001,0,1.0,0.0,1,1,0,0.0,0.0,0.0,0.0,0.0,0.0,0.0,0.0,0.0,0.0,0,1,0,0
1,0.001,0,1.0,0.0,1,1,0,0.0,0.0,0.0,0.0,0.0,0.0,0.0,0.0,0.0,0.0,0,1,0,0
21,0.371126,1,64.0,0.0,64,1,0,0.0,0.0,0.0,0.0,0.0,0.0,0.0,0.0,21.0,302.9047619047619,0,0,0,1
37,0.330997,1,55.0,0.0,55,1,0,0.0,0.0,0.0,0.0,0.0,0.0,0.0,0.0,37.0,657.1621621621622,0,0,0,1
58,57.139283,1,64.0,0.0,64,1,0,0.0,0.0,0.0,0.0,0.0,0.0,0.0,0.0,58.0,74.0,0,0,0,1
13,49.212552,2,58.0,0.0,58,1,0,0.0,1.0,0.0,0.0,0.46153846153846156,0.0,0.0,0.0,0.0,0.0,0,0,1,0
12,49.199357,1,64.0,0.0,64,1,0,0.0,1.0,0.0,0.0,0.5,0.0,0.0,0.0,0.0,0.0,0,0,1,0
34,52.045829,1,55.0,0.0,55,1,0,0.0,1.0,0.0,0.0,0.5,0.0,0.0,0.0,0.0,0.0,0,0,1,0
34,51.971483,1,64.0,0.0,64,1,0,0.0,1.0,0.0,0.0,0.5,0.0,0.0,0.0,0.0,0.0,0,0,1,0
2,45.081818,1,64.0,0.0,64,1,0,0.0,1.0,0.0,0.0,0.0,0.0,0.0,0.0,0.0,0.0,0,0,1,0
2,45.080367,1,120.0,0.0,120,1,0,0.0,1.0,0.0,0.0,0.0,0.0,0.0,0.0,0.0,0.0,0,0,1,0
3,0.000058,1,64.0,0.0,64,1,0,0.0,1.0,0.0,0.0,0.3333333333333333,0.0,0.0,0.0,0.0,0.0,0,0,1,0
14,15.801041,1,55.0,0.0,55,1,0,0.0,0.0,0.0,0.0,0.0,0.0,0.0,0.0,14.0,74.42857142857143,0,0,0,1
8,15.801040,0,64.0,0.0,64,1,0,0.0,0.0,0.0,0.0,0.0,0.0,0.0,0.0,0.0,0.0,1,0,0,0
3,0.001247,1,50.0,0.0,50,1,0,0.0,1.0,0.0,0.0,0.0,0.0,0.0,0.0,0.0,0.0,0,0,1,0
3,45.020260,1,64.0,0.0,64,1,0,0.0,1.0,0.0,0.0,0.0,0.0,0.0,0.0,0.0,0.0,0,0,1,0
3,45.013674,2,58.0,0.0,58,1,0,0.0,1.0,0.0,0.0,0.0,0.0,0.0,0.0,0.0,0.0,0,0,1,0
8,34.717512,1,64.0,0.0,64,1,0,0.0,0.0,0.0,0.0,0.0,0.0,0.0,0.0,8.0,50.0,0,0,0,1
8,34.717681,8,64.0,0.0,64,1,0,0.0,0.0,0.0,0.0,0.0,0.0,0.0,0.0,8.0,121.0,0,0,0,1
3,42.246108,1,64.0,0.0,64,1,0,0.0,0.0,0.0,0.0,0.0,0.0,0.0,0.0,3.0,29.0,0,0,0,1
3,42.267163,1,59.0,0.0,59,1,0,0.0,0.0,0.0,0.0,0.0,0.0,0.0,0.0,3.0,25.666666666666668,0,0,0,1
6,40.062585,1,58.0,0.0,58,1,0,0.0,1.0,0.0,0.0,0.5,0.0,0.0,0.0,0.0,0.0,0,0,1,0
6,40.039508,1,64.0,0.0,64,1,0,0.0,1.0,0.0,0.0,0.5,0.0,0.0,0.0,0.0,0.0,0,0,1,0
1,0.001,0,1.0,0.0,1,1,0,0.0,0.0,0.0,0.0,0.0,0.0,0.0,0.0,0.0,0.0,0,1,0,0
1,0.001,0,1.0,0.0,1,1,0,0.0,0.0,0.0,0.0,0.0,0.0,0.0,0.0,0.0,0.0,0,1,0,0
5,25.100634,1,247.0,0.0,247,1,0,0.0,1.0,0.0,0.0,0.4,0.0,0.0,0.0,0.0,0.0,0,0,1,0
4,25.088707,1,64.0,0.0,64,1,0,0.0,1.0,0.0,0.0,0.5,0.0,0.0,0.0,0.0,0.0,0,0,1,0
2,1.023861,1,1.0,0.0,1,1,0,0.0,0.0,0.0,0.0,0.0,0.0,0.0,0.0,2.0,39.0,0,0,0,1
3,15.162083,1,64.0,0.0,64,1,0,0.0,1.0,0.0,0.0,0.3333333333333333,0.0,0.0,0.0,0.0,0.0,0,0,1,0
3,15.065275,1,50.0,0.0,50,1,0,0.0,1.0,0.0,0.0,0.3333333333333333,0.0,0.0,0.0,0.0,0.0,0,0,1,0
3,1.536224,1,128.0,0.0,128,1,0,0.0,0.0,0.0,0.0,0.0,0.0,0.0,0.0,3.0,50.0,0,0,0,1
3,2.047917,1,255.0,0.0,255,1,0,0.0,0.0,0.0,0.0,0.0,0.0,0.0,0.0,3.0,142.66666666666666,0,0,0,1
10,2.049424,1,255.0,0.0,255,1,0,0.0,0.0,0.0,0.0,0.0,0.0,0.0,0.0,10.0,358.9,0,0,0,1
1,0.001,1,64.0,0.0,64,1,0,0.0,1.0,0.0,0.0,0.0,0.0,0.0,0.0,0.0,0.0,0,0,1,0
1,0.001,1,102.0,0.0,102,1,0,0.0,1.0,0.0,0.0,0.0,0.0,0.0,0.0,0.0,0.0,0,0,1,0
1,0.001,1,64.0,0.0,64,1,0,0.0,1.0,0.0,0.0,0.0,0.0,0.0,0.0,0.0,0.0,0,0,1,0
1,0.001,1,52.0,0.0,52,1,0,0.0,1.0,0.0,0.0,0.0,0.0,0.0,0.0,0.0,0.0,0,0,1,0
60,59.084804,1,64.0,0.0,64,1,0,0.0,0.0,0.0,0.0,0.0,0.0,0.0,0.0,60.0,74.0,0,0,0,1
14,53.249630,1,64.0,0.0,64,2,0,0.0,0.0,0.0,0.0,0.0,0.0,0.0,0.0,12.0,50.0,0,0,0,1
12,53.249576,12,64.0,0.0,64,1,0,0.0,0.0,0.0,0.0,0.0,0.0,0.0,0.0,12.0,121.0,0,0,0,1
6,50.191821,1,247.0,0.0,247,1,0,0.0,1.0,0.0,0.0,0.5,0.0,0.0,0.0,0.0,0.0,0,0,1,0
6,50.177677,1,64.0,0.0,64,1,0,0.0,1.0,0.0,0.0,0.5,0.0,0.0,0.0,0.0,0.0,0,0,1,0
4,0.199892,1,64.0,0.0,64,1,0,0.0,0.75,0.25,0.25,0.25,0.0,0.0,0.0,0.0,0.0,0,0,1,0
4,0.197939,1,52.0,0.0,52,1,0,0.0,1.0,0.25,0.0,0.5,0.0,0.0,0.0,0.0,0.0,0,0,1,0
12,47.414798,2,58.0,0.0,58,1,0,0.0,1.0,0.0,0.0,0.5,0.0,0.0,0.0,0.0,0.0,0,0,1,0
12,47.403540,1,64.0,0.0,64,1,0,0.0,1.0,0.0,0.0,0.5,0.0,0.0,0.0,0.0,0.0,0,0,1,0
7,40.014386,1,58.0,0.0,58,1,0,0.0,1.0,0.0,0.0,0.42857142857142855,0.0,0.0,0.0,0.0,0.0,0,0,1,0
6,39.998109,1,64.0,0.0,64,1,0,0.0,1.0,0.0,0.0,0.5,0.0,0.0,0.0,0.0,0.0,0,0,1,0
2,45.127922,1,64.0,0.0,64,1,0,0.0,1.0,0.0,0.0,0.0,0.0,0.0,0.0,0.0,0.0,0,0,1,0
2,45.124381,1,120.0,0.0,120,1,0,0.0,1.0,0.0,0.0,0.0,0.0,0.0,0.0,0.0,0.0,0,0,1,0
1,0.001,1,60.0,0.0,60,1,0,0.0,0.0,0.0,0.0,0.0,0.0,0.0,0.0,1.0,68.0,0,0,0,1
1,0.001,1,64.0,0.0,64,1,0,0.0,1.0,0.0,0.0,0.0,0.0,0.0,0.0,0.0,0.0,0,0,1,0
1,0.001,1,58.0,0.0,58,1,0,0.0,1.0,0.0,0.0,0.0,0.0,0.0,0.0,0.0,0.0,0,0,1,0
6,0.017452,1,52.0,0.0,52,1,0,0.0,1.0,0.3333333333333333,0.0,0.3333333333333333,0.0,0.0,0.0,0.0,0.0,0,0,1,0
4,0.017387,1,64.0,0.0,64,1,0,0.0,0.75,0.5,0.25,0.0,0.0,0.0,0.0,0.0,0.0,0,0,1,0
4,0.181179,1,64.0,0.0,64,1,0,0.0,0.0,0.0,0.0,0.0,0.0,0.0,0.0,4.0,36.0,0,0,0,1
4,0.176808,4,64.0,0.0,64,1,0,0.0,0.0,0.0,0.0,0.0,0.0,0.0,0.0,4.0,122.75,0,0,0,1
10,0.159021,1,64.0,0.0,64,1,0,0.0,0.0,0.0,0.0,0.0,0.0,0.0,0.0,10.0,584.5,0,0,0,1
13,0.178591,1,60.0,0.0,60,1,0,0.0,0.0,0.0,0.0,0.0,0.0,0.0,0.0,13.0,461.84615384615387,0,0,0,1
9,0.179580,1,64.0,0.0,64,1,0,0.0,0.0,0.0,0.0,0.0,0.0,0.0,0.0,9.0,380.6666666666667,0,0,0,1
11,0.096013,1,57.0,0.0,57,1,0,0.0,0.0,0.0,0.0,0.0,0.0,0.0,0.0,11.0,410.8181818181818,0,0,0,1
2,0.187127,1,55.0,0.0,55,1,0,0.0,1.0,0.0,0.0,0.5,0.0,0.0,0.0,0.0,0.0,0,0,1,0
2,0.110222,1,64.0,0.0,64,1,0,0.0,1.0,0.0,0.0,0.5,0.0,0.0,0.0,0.0,0.0,0,0,1,0
8,42.097423,1,55.0,0.0,55,1,0,0.0,1.0,0.0,0.0,0.5,0.0,0.0,0.0,0.0,0.0,0,0,1,0
8,42.097492,1,64.0,0.0,64,1,0,0.0,1.0,0.0,0.0,0.5,0.0,0.0,0.0,0.0,0.0,0,0,1,0
59,58.184745,1,64.0,0.0,64,1,0,0.0,0.0,0.0,0.0,0.0,0.0,0.0,0.0,59.0,74.0,0,0,0,1
15,57.753980,1,64.0,0.0,64,2,0,0.0,0.0,0.0,0.0,0.0,0.0,0.0,0.0,13.0,50.0,0,0,0,1
13,57.754138,13,64.0,0.0,64,1,0,0.0,0.0,0.0,0.0,0.0,0.0,0.0,0.0,13.0,121.0,0,0,0,1
7,50.192106,1,247.0,0.0,247,1,0,0.0,1.0,0.0,0.0,0.42857142857142855,0.0,0.0,0.0,0.0,0.0,0,0,1,0
6,50.178972,1,64.0,0.0,64,1,0,0.0,1.0,0.0,0.0,0.5,0.0,0.0,0.0,0.0,0.0,0,0,1,0
3,45.220136,1,64.0,0.0,64,1,0,0.0,1.0,0.0,0.0,0.3333333333333333,0.0,0.0,0.0,0.0,0.0,0,0,1,0
3,45.223643,1,50.0,0.0,50,1,0,0.0,1.0,0.0,0.0,0.3333333333333333,0.0,0.0,0.0,0.0,0.0,0,0,1,0
6,40.065932,1,58.0,0.0,58,1,0,0.0,1.0,0.0,0.0,0.5,0.0,0.0,0.0,0.0,0.0,0,0,1,0
6,40.054504,1,64.0,0.0,64,1,0,0.0,1.0,0.0,0.0,0.5,0.0,0.0,0.0,0.0,0.0,0,0,1,0
14,50.802958,2,58.0,0.0,58,1,0,0.0,1.0,0.0,0.0,0.42857142857142855,0.0,0.0,0.0,0.0,0.0,0,0,1,0
12,50.791976,1,64.0,0.0,64,1,0,0.0,1.0,0.0,0.0,0.5,0.0,0.0,0.0,0.0,0.0,0,0,1,0
2,45.072726,1,64.0,0.0,64,1,0,0.0,1.0,0.0,0.0,0.0,0.0,0.0,0.0,0.0,0.0,0,0,1,0
2,45.080948,1,120.0,0.0,120,1,0,0.0,1.0,0.0,0.0,0.0,0.0,0.0,0.0,0.0,0.0,0,0,1,0
8,3.734711,1,1.0,0.0,1,1,0,0.0,0.0,0.0,0.0,0.0,0.0,0.0,0.0,8.0,39.0,0,0,0,1
6,4.199142,1,128.0,0.0,128,1,0,0.0,0.0,0.0,0.0,0.0,0.0,0.0,0.0,6.0,50.0,0,0,0,1
2,0.000119,1,64.0,0.0,64,1,0,0.0,0.0,0.0,0.0,0.0,0.0,0.0,0.0,2.0,38.0,0,0,0,1
2,0.000951,2,64.0,0.0,64,1,0,0.0,0.0,0.0,0.0,0.0,0.0,0.0,0.0,2.0,99.0,0,0,0,1
12,0.230584,1,64.0,0.0,64,1,0,0.0,0.0,0.0,0.0,0.0,0.0,0.0,0.0,12.0,546.9166666666666,0,0,0,1
17,0.253633,1,59.0,0.0,59,1,0,0.0,0.0,0.0,0.0,0.0,0.0,0.0,0.0,17.0,416.1764705882353,0,0,0,1
1,0.001,0,1.0,0.0,1,1,0,0.0,0.0,0.0,0.0,0.0,0.0,0.0,0.0,0.0,0.0,0,1,0,0
1,0.001,0,1.0,0.0,1,1,0,0.0,0.0,0.0,0.0,0.0,0.0,0.0,0.0,0.0,0.0,0,1,0,0
55,58.163747,1,64.0,0.0,64,1,0,0.0,0.0,0.0,0.0,0.0,0.0,0.0,0.0,55.0,74.0,0,0,0,1
4,14.947458,1,55.0,0.0,55,1,0,0.0,0.0,0.0,0.0,0.0,0.0,0.0,0.0,4.0,70.0,0,0,0,1
2,14.947471,0,64.0,0.0,64,1,0,0.0,0.0,0.0,0.0,0.0,0.0,0.0,0.0,0.0,0.0,1,0,0,0
15,57.258063,1,64.0,0.0,64,2,0,0.0,0.0,0.0,0.0,0.0,0.0,0.0,0.0,12.0,50.0,0,0,0,1
12,54.064272,12,64.0,0.0,64,1,0,0.0,0.0,0.0,0.0,0.0,0.0,0.0,0.0,12.0,121.0,0,0,0,1
8,50.145040,1,247.0,0.0,247,1,0,0.0,1.0,0.0,0.0,0.375,0.0,0.0,0.0,0.0,0.0,0,0,1,0
6,50.128010,1,64.0,0.0,64,1,0,0.0,1.0,0.0,0.0,0.5,0.0,0.0,0.0,0.0,0.0,0,0,1,0
7,55.836091,1,55.0,0.0,55,1,0,0.0,1.0,0.0,0.0,0.42857142857142855,0.0,0.0,0.0,0.0,0.0,0,0,1,0
8,55.759262,1,64.0,0.0,64,1,0,0.0,1.0,0.0,0.0,0.625,0.0,0.0,0.0,0.0,0.0,0,0,1,0
13,49.386631,2,58.0,0.0,58,1,0,0.0,1.0,0.0,0.0,0.46153846153846156,0.0,0.0,0.0,0.0,0.0,0,0,1,0
13,49.359912,1,64.0,0.0,64,1,0,0.0,1.0,0.0,0.0,0.5384615384615384,0.0,0.0,0.0,0.0,0.0,0,0,1,0
6,47.994054,1,255.0,0.0,255,1,0,0.0,0.0,0.0,0.0,0.0,0.0,0.0,0.0,6.0,202.83333333333334,0,0,0,1
59,0.206224,1,64.0,0.0,64,1,0,0.0,0.0,0.0,0.0,0.0,0.0,0.0,0.0,59.0,1132.2711864406779,0,0,0,1
39,0.222510,1,59.0,0.0,59,1,0,0.0,0.0,0.0,0.0,0.0,0.0,0.0,0.0,39.0,165.46153846153845,0,0,0,1
6,39.963735,1,58.0,0.0,58,1,0,0.0,1.0,0.0,0.0,0.5,0.0,0.0,0.0,0.0,0.0,0,0,1,0
6,39.943650,1,64.0,0.0,64,1,0,0.0,1.0,0.0,0.0,0.5,0.0,0.0,0.0,0.0,0.0,0,0,1,0
3,13.284023,1,64.0,0.0,64,1,0,0.0,1.0,0.0,0.0,0.3333333333333333,0.0,0.0,0.0,0.0,0.0,0,0,1,0
4,13.198564,1,52.0,0.0,52,1,0,0.0,1.0,0.0,0.0,0.5,0.0,0.0,0.0,0.0,0.0,0,0,1,0
1,0.001,1,64.0,0.0,64,1,0,0.0,1.0,0.0,0.0,0.0,0.0,0.0,0.0,0.0,0.0,0,0,1,0
1,0.001,1,52.0,0.0,52,1,0,0.0,1.0,0.0,0.0,0.0,0.0,0.0,0.0,0.0,0.0,0,0,1,0
7,1.946465,1,255.0,0.0,255,1,0,0.0,0.0,0.0,0.0,0.0,0.0,0.0,0.0,7.0,346.85714285714283,0,0,0,1
1,0.001,0,1.0,0.0,1,1,0,0.0,0.0,0.0,0.0,0.0,0.0,0.0,0.0,0.0,0.0,0,1,0,0
1,0.001,0,1.0,0.0,1,1,0,0.0,0.0,0.0,0.0,0.0,0.0,0.0,0.0,0.0,0.0,0,1,0,0
1,0.001,1,64.0,0.0,64,1,0,0.0,1.0,0.0,0.0,0.0,0.0,0.0,0.0,0.0,0.0,0,0,1,0
1,0.001,1,120.0,0.0,120,1,0,0.0,1.0,0.0,0.0,0.0,0.0,0.0,0.0,0.0,0.0,0,0,1,0
7,8.893136,1,64.0,0.0,64,2,0,0.0,0.0,0.0,0.0,0.0,0.0,0.0,0.0,5.0,33.4,0,0,0,1
5,8.798891,5,64.0,0.0,64,1,0,0.0,0.0,0.0,0.0,0.0,0.0,0.0,0.0,5.0,70.6,0,0,0,1
19,8.776668,1,64.0,0.0,64,1,0,0.0,0.0,0.0,0.0,0.0,0.0,0.0,0.0,19.0,476.2105263157895,0,0,0,1
24,8.806639,1,60.0,0.0,60,1,0,0.0,0.0,0.0,0.0,0.0,0.0,0.0,0.0,24.0,362.7083333333333,0,0,0,1
58,59.085625,1,64.0,0.0,64,1,0,0.0,0.0,0.0,0.0,0.0,0.0,0.0,0.0,58.0,74.0,0,0,0,1
11,54.992739,1,64.0,0.0,64,1,0,0.09090909090909091,0.9090909090909091,0.0,0.0,0.36363636363636365,0.0,0.0,0.1,0.0,0.0,0,0,1,0
13,40.053604,1,64.0,0.0,64,1,0,0.0,0.0,0.0,0.0,0.0,0.0,0.0,0.0,13.0,35.84615384615385,0,0,0,1
21,57.323476,1,64.0,0.0,64,2,0,0.0,0.0,0.0,0.0,0.0,0.0,0.0,0.0,13.0,50.0,0,0,0,1
13,40.050958,13,64.0,0.0,64,1,0,0.0,0.0,0.0,0.0,0.0,0.0,0.0,0.0,13.0,114.53846153846153,0,0,0,1
24,0.187967,1,64.0,0.0,64,1,0,0.0,0.0,0.0,0.0,0.0,0.0,0.0,0.0,24.0,655.4166666666666,0,0,0,1
22,0.186476,1,59.0,0.0,59,1,0,0.0,0.0,0.0,0.0,0.0,0.0,0.0,0.0,22.0,397.95454545454544,0,0,0,1
11,54.908767,1,52.0,0.0,52,1,0,0.09090909090909091,1.0,0.0,0.0,0.2727272727272727,0.0,0.0,0.09090909090909091,0.0,0.0,0,0,1,0
13,57.072618,13,64.0,0.0,64,1,0,0.0,0.0,0.0,0.0,0.0,0.0,0.0,0.0,13.0,121.0,0,0,0,1
11,45.425555,1,64.0,0.0,64,1,0,0.0,1.0,0.0,0.0,0.2727272727272727,0.0,0.0,0.0,0.0,0.0,0,0,1,0
9,45.420675,1,58.0,0.0,58,1,0,0.0,1.0,0.0,0.0,0.5555555555555556,0.0,0.0,0.0,0.0,0.0,0,0,1,0
25,50.436461,1,64.0,0.0,64,1,0,0.04,0.96,0.0,0.0,0.4,0.0,0.0,0.041666666666666664,0.0,0.0,0,0,1,0
22,50.437593,2,58.0,0.0,58,1,0,0.045454545454545456,1.0,0.0,0.0,0.36363636363636365,0.0,0.0,0.045454545454545456,0.0,0.0,0,0,1,0
3,2.047900,1,255.0,0.0,255,1,0,0.0,0.0,0.0,0.0,0.0,0.0,0.0,0.0,3.0,126.66666666666667,0,0,0,1
7,1.948983,1,255.0,0.0,255,1,0,0.0,0.0,0.0,0.0,0.0,0.0,0.0,0.0,7.0,346.85714285714283,0,0,0,1
6,50.156893,1,247.0,0.0,247,1,0,0.0,1.0,0.0,0.0,0.5,0.0,0.0,0.0,0.0,0.0,0,0,1,0
6,50.142871,1,64.0,0.0,64,1,0,0.0,1.0,0.0,0.0,0.5,0.0,0.0,0.0,0.0,0.0,0,0,1,0
20,23.444006,1,55.0,0.0,55,1,0,0.0,1.0,0.0,0.0,0.45,0.0,0.0,0.0,0.0,0.0,0,0,1,0
19,23.443934,1,64.0,0.0,64,1,0,0.0,1.0,0.0,0.0,0.5263157894736842,0.0,0.0,0.0,0.0,0.0,0,0,1,0
8,40.049662,1,58.0,0.0,58,1,0,0.0,1.0,0.0,0.0,0.375,0.0,0.0,0.0,0.0,0.0,0,0,1,0
6,40.039452,1,64.0,0.0,64,1,0,0.0,1.0,0.0,0.0,0.5,0.0,0.0,0.0,0.0,0.0,0,0,1,0
1,0.001,0,1.0,0.0,1,1,0,0.0,0.0,0.0,0.0,0.0,0.0,0.0,0.0,0.0,0.0,0,1,0,0
1,0.001,1,64.0,0.0,64,1,0,0.0,1.0,0.0,0.0,0.0,0.0,0.0,0.0,0.0,0.0,0,0,1,0
1,0.001,1,120.0,0.0,120,1,0,0.0,1.0,0.0,0.0,0.0,0.0,0.0,0.0,0.0,0.0,0,0,1,0
1,0.001,0,1.0,0.0,1,1,0,0.0,0.0,0.0,0.0,0.0,0.0,0.0,0.0,0.0,0.0,0,1,0,0
25,0.590656,1,64.0,0.0,64,1,0,0.04,0.88,0.04,0.08,0.64,0.0,0.0,0.045454545454545456,0.0,0.0,0,0,1,0
15,0.450194,1,113.0,0.0,113,1,0,0.06666666666666667,1.0,0.06666666666666667,0.0,0.4666666666666667,0.0,0.0,0.06666666666666667,0.0,0.0,0,0,1,0
60,1.235954,1,64.0,0.0,64,1,0,0.03333333333333333,0.8833333333333333,0.03333333333333333,0.08333333333333333,0.45,0.0,0.0,0.03773584905660377,0.0,0.0,0,0,1,0
65,1.065457,2,243.0,0.0,243,1,0,0.03076923076923077,1.0,0.03076923076923077,0.0,0.4461538461538462,0.0,0.0,0.03076923076923077,0.0,0.0,0,0,1,0
58,58.171362,1,64.0,0.0,64,1,0,0.0,0.0,0.0,0.0,0.0,0.0,0.0,0.0,58.0,74.0,0,0,0,1
3,20.399658,1,64.0,0.0,64,1,0,0.0,1.0,0.0,0.0,0.3333333333333333,0.0,0.0,0.0,0.0,0.0,0,0,1,0
3,20.312701,1,52.0,0.0,52,1,0,0.0,1.0,0.0,0.0,0.3333333333333333,0.0,0.0,0.0,0.0,0.0,0,0,1,0
16,54.330313,1,64.0,0.0,64,2,0,0.0,0.0,0.0,0.0,0.0,0.0,0.0,0.0,12.0,50.0,0,0,0,1
12,54.330246,12,64.0,0.0,64,1,0,0.0,0.0,0.0,0.0,0.0,0.0,0.0,0.0,12.0,121.0,0,0,0,1
15,47.439790,2,58.0,0.0,58,1,0,0.0,1.0,0.0,0.0,0.4,0.0,0.0,0.0,0.0,0.0,0,0,1,0
12,47.425996,1,64.0,0.0,64,1,0,0.0,1.0,0.0,0.0,0.5,0.0,0.0,0.0,0.0,0.0,0,0,1,0
6,40.013703,1,58.0,0.0,58,1,0,0.0,1.0,0.0,0.0,0.5,0.0,0.0,0.0,0.0,0.0,0,0,1,0
6,40.000006,1,64.0,0.0,64,1,0,0.0,1.0,0.0,0.0,0.5,0.0,0.0,0.0,0.0,0.0,0,0,1,0
6,50.085205,1,247.0,0.0,247,1,0,0.0,1.0,0.0,0.0,0.5,0.0,0.0,0.0,0.0,0.0,0,0,1,0
6,50.073889,1,64.0,0.0,64,1,0,0.0,1.0,0.0,0.0,0.5,0.0,0.0,0.0,0.0,0.0,0,0,1,0
25,48.001084,1,64.0,0.0,64,2,0,0.0,0.0,0.0,0.0,0.0,0.0,0.0,0.0,17.0,364.2352941176471,0,0,0,1
49,47.917391,1,55.0,0.0,55,1,0,0.0,0.0,0.0,0.0,0.0,0.0,0.0,0.0,49.0,513.8979591836735,0,0,0,1
21,30.070495,1,55.0,0.0,55,1,0,0.0,1.0,0.0,0.0,0.47619047619047616,0.0,0.0,0.0,0.0,0.0,0,0,1,0
17,29.987712,1,64.0,0.0,64,1,0,0.0,1.0,0.0,0.0,0.47058823529411764,0.0,0.0,0.0,0.0,0.0,0,0,1,0
1,0.001,1,64.0,0.0,64,1,0,0.0,1.0,0.0,0.0,0.0,0.0,0.0,0.0,0.0,0.0,0,0,1,0
1,0.001,1,58.0,0.0,58,1,0,0.0,1.0,0.0,0.0,0.0,0.0,0.0,0.0,0.0,0.0,0,0,1,0
2,27.010818,1,64.0,0.0,64,1,0,0.0,0.0,0.0,0.0,0.0,0.0,0.0,0.0,2.0,29.0,0,0,0,1
2,27.010264,1,60.0,0.0,60,1,0,0.0,0.0,0.0,0.0,0.0,0.0,0.0,0.0,2.0,26.0,0,0,0,1
5,5.597891,1,64.0,0.0,64,1,0,0.0,0.0,0.0,0.0,0.0,0.0,0.0,0.0,5.0,35.8,0,0,0,1
5,5.599711,5,64.0,0.0,64,1,0,0.0,0.0,0.0,0.0,0.0,0.0,0.0,0.0,5.0,149.4,0,0,0,1
37,0.087171,1,64.0,0.0,64,1,0,0.02702702702702703,0.972972972972973,0.0,0.0,0.16216216216216217,0.0,0.0,0.027777777777777776,0.0,0.0,0,0,1,0
59,0.074147,1,52.0,0.0,52,1,0,0.01694915254237288,1.0,0.0,0.0,0.5254237288135594,0.0,0.0,0.01694915254237288,0.0,0.0,0,0,1,0
2,19.456483,1,255.0,0.0,255,1,0,0.0,0.0,0.0,0.0,0.0,0.0,0.0,0.0,2.0,187.5,0,0,0,1
1,0.001,1,64.0,0.0,64,1,0,0.0,1.0,0.0,0.0,0.0,0.0,0.0,0.0,0.0,0.0,0,0,1,0
1,0.001,1,120.0,0.0,120,1,0,0.0,1.0,0.0,0.0,0.0,0.0,0.0,0.0,0.0,0.0,0,0,1,0
1,0.001,0,1.0,0.0,1,1,0,0.0,0.0,0.0,0.0,0.0,0.0,0.0,0.0,0.0,0.0,0,1,0,0
1,0.001,0,1.0,0.0,1,1,0,0.0,0.0,0.0,0.0,0.0,0.0,0.0,0.0,0.0,0.0,0,1,0,0
3,0.001076,1,255.0,0.0,255,1,0,0.0,0.0,0.0,0.0,0.0,0.0,0.0,0.0,3.0,303.3333333333333,0,0,0,1
57,58.163945,1,64.0,0.0,64,1,0,0.0,0.0,0.0,0.0,0.0,0.0,0.0,0.0,57.0,74.0,0,0,0,1
15,57.654403,1,64.0,0.0,64,2,0,0.0,0.0,0.0,0.0,0.0,0.0,0.0,0.0,13.0,50.0,0,0,0,1
13,57.654406,13,64.0,0.0,64,1,0,0.0,0.0,0.0,0.0,0.0,0.0,0.0,0.0,13.0,121.0,0,0,0,1
7,39.951110,1,58.0,0.0,58,1,0,0.0,1.0,0.0,0.0,0.42857142857142855,0.0,0.0,0.0,0.0,0.0,0,0,1,0
6,39.937189,1,64.0,0.0,64,1,0,0.0,1.0,0.0,0.0,0.5,0.0,0.0,0.0,0.0,0.0,0,0,1,0
13,50.794102,2,58.0,0.0,58,1,0,0.0,1.0,0.0,0.0,0.46153846153846156,0.0,0.0,0.0,0.0,0.0,0,0,1,0
12,50.779300,1,64.0,0.0,64,1,0,0.0,1.0,0.0,0.0,0.5,0.0,0.0,0.0,0.0,0.0,0,0,1,0
19,21.902094,1,55.0,0.0,55,1,0,0.0,1.0,0.0,0.0,0.47368421052631576,0.0,0.0,0.0,0.0,0.0,0,0,1,0
18,21.825728,1,64.0,0.0,64,1,0,0.0,1.0,0.0,0.0,0.5,0.0,0.0,0.0,0.0,0.0,0,0,1,0
3,45.191616,1,64.0,0.0,64,1,0,0.0,1.0,0.0,0.0,0.3333333333333333,0.0,0.0,0.0,0.0,0.0,0,0,1,0
3,45.197208,1,52.0,0.0,52,1,0,0.0,1.0,0.0,0.0,0.3333333333333333,0.0,0.0,0.0,0.0,0.0,0,0,1,0
2,14.523600,1,64.0,0.0,64,1,0,0.0,0.0,0.0,0.0,0.0,0.0,0.0,0.0,2.0,43.0,0,0,0,1
2,14.519663,2,64.0,0.0,64,1,0,0.0,0.0,0.0,0.0,0.0,0.0,0.0,0.0,2.0,59.0,0,0,0,1
8,27.078135,1,64.0,0.0,64,1,0,0.0,0.0,0.0,0.0,0.0,0.0,0.0,0.0,8.0,503.0,0,0,0,1
11,27.071163,1,60.0,0.0,60,1,0,0.0,0.0,0.0,0.0,0.0,0.0,0.0,0.0,11.0,483.45454545454544,0,0,0,1
5,25.163096,1,247.0,0.0,247,1,0,0.0,1.0,0.0,0.0,0.4,0.0,0.0,0.0,0.0,0.0,0,0,1,0
5,25.147326,1,64.0,0.0,64,1,0,0.0,1.0,0.0,0.0,0.6,0.0,0.0,0.0,0.0,0.0,0,0,1,0
1,0.001,1,64.0,0.0,64,1,0,0.0,1.0,0.0,0.0,0.0,0.0,0.0,0.0,0.0,0.0,0,0,1,0
1,0.001,1,120.0,0.0,120,1,0,0.0,1.0,0.0,0.0,0.0,0.0,0.0,0.0,0.0,0.0,0,0,1,0
10,35.021758,1,255.0,0.0,255,1,0,0.0,0.0,0.0,0.0,0.0,0.0,0.0,0.0,10.0,255.1,0,0,0,1
7,2.048517,1,255.0,0.0,255,1,0,0.0,0.0,0.0,0.0,0.0,0.0,0.0,0.0,7.0,346.85714285714283,0,0,0,1
13,0.135900,1,64.0,0.0,64,1,0,0.0,0.0,0.0,0.0,0.0,0.0,0.0,0.0,13.0,442.3076923076923,0,0,0,1
12,0.148782,1,53.0,0.0,53,1,0,0.0,0.0,0.0,0.0,0.0,0.0,0.0,0.0,12.0,625.5833333333334,0,0,0,1
60,59.187906,1,64.0,0.0,64,1,0,0.0,0.0,0.0,0.0,0.0,0.0,0.0,0.0,60.0,74.0,0,0,0,1
2,0.000176,1,64.0,0.0,64,1,0,0.0,0.0,0.0,0.0,0.0,0.0,0.0,0.0,2.0,36.0,0,0,0,1
14,55.843908,1,64.0,0.0,64,2,0,0.0,0.0,0.0,0.0,0.0,0.0,0.0,0.0,12.0,50.0,0,0,0,1
2,0.000001,2,64.0,0.0,64,1,0,0.0,0.0,0.0,0.0,0.0,0.0,0.0,0.0,2.0,133.0,0,0,0,1
9,0.176750,1,64.0,0.0,64,1,0,0.0,0.0,0.0,0.0,0.0,0.0,0.0,0.0,9.0,380.6666666666667,0,0,0,1
10,0.093530,1,57.0,0.0,57,1,0,0.0,0.0,0.0,0.0,0.0,0.0,0.0,0.0,10.0,436.2,0,0,0,1
13,51.501627,1,64.0,0.0,64,1,0,0.0,1.0,0.0,0.0,0.5384615384615384,0.0,0.0,0.0,0.0,0.0,0,0,1,0
14,51.494846,1,55.0,0.0,55,1,0,0.0,1.0,0.0,0.0,0.5,0.0,0.0,0.0,0.0,0.0,0,0,1,0
12,53.147676,12,64.0,0.0,64,1,0,0.0,0.0,0.0,0.0,0.0,0.0,0.0,0.0,12.0,121.0,0,0,0,1
3,18.418894,1,64.0,0.0,64,1,0,0.0,1.0,0.0,0.0,0.3333333333333333,0.0,0.0,0.0,0.0,0.0,0,0,1,0
3,18.327866,1,50.0,0.0,50,1,0,0.0,1.0,0.0,0.0,0.3333333333333333,0.0,0.0,0.0,0.0,0.0,0,0,1,0
7,40.049196,1,58.0,0.0,58,1,0,0.0,1.0,0.0,0.0,0.42857142857142855,0.0,0.0,0.0,0.0,0.0,0,0,1,0
6,40.038838,1,64.0,0.0,64,1,0,0.0,1.0,0.0,0.0,0.5,0.0,0.0,0.0,0.0,0.0,0,0,1,0
13,50.824301,2,58.0,0.0,58,1,0,0.0,1.0,0.0,0.0,0.46153846153846156,0.0,0.0,0.0,0.0,0.0,0,0,1,0
12,50.812865,1,64.0,0.0,64,1,0,0.0,1.0,0.0,0.0,0.5,0.0,0.0,0.0,0.0,0.0,0,0,1,0
1,0.001,0,1.0,0.0,1,1,0,0.0,0.0,0.0,0.0,0.0,0.0,0.0,0.0,0.0,0.0,0,1,0,0
1,0.001,0,1.0,0.0,1,1,0,0.0,0.0,0.0,0.0,0.0,0.0,0.0,0.0,0.0,0.0,0,1,0,0
6,25.099700,1,247.0,0.0,247,1,0,0.0,1.0,0.0,0.0,0.3333333333333333,0.0,0.0,0.0,0.0,0.0,0,0,1,0
4,25.089183,1,64.0,0.0,64,1,0,0.0,1.0,0.0,0.0,0.5,0.0,0.0,0.0,0.0,0.0,0,0,1,0
1,0.001,1,64.0,0.0,64,1,0,0.0,1.0,0.0,0.0,0.0,0.0,0.0,0.0,0.0,0.0,0,0,1,0
1,0.001,1,120.0,0.0,120,1,0,0.0,1.0,0.0,0.0,0.0,0.0,0.0,0.0,0.0,0.0,0,0,1,0
1,0.001,1,255.0,0.0,255,1,0,0.0,0.0,0.0,0.0,0.0,0.0,0.0,0.0,1.0,160.0,0,0,0,1
60,59.187991,1,64.0,0.0,64,1,0,0.0,0.0,0.0,0.0,0.0,0.0,0.0,0.0,60.0,74.0,0,0,0,1
3,40.044826,1,64.0,0.0,64,1,0,0.0,0.0,0.0,0.0,0.0,0.0,0.0,0.0,3.0,41.333333333333336,0,0,0,1
3,40.036254,1,64.0,0.0,64,1,0,0.0,0.0,0.0,0.0,0.0,0.0,0.0,0.0,3.0,41.333333333333336,0,0,0,1
3,40.025987,1,64.0,0.0,64,1,0,0.0,0.0,0.0,0.0,0.0,0.0,0.0,0.0,3.0,41.333333333333336,0,0,0,1
2,20.266340,1,50.0,0.0,50,1,0,0.0,0.0,0.0,0.0,0.0,0.0,0.0,0.0,2.0,31.0,0,0,0,1
2,20.101800,1,44.0,0.0,44,1,0,0.0,0.0,0.0,0.0,0.0,0.0,0.0,0.0,2.0,31.0,0,0,0,1
2,20.101859,1,44.0,0.0,44,1,0,0.0,0.0,0.0,0.0,0.0,0.0,0.0,0.0,2.0,31.0,0,0,0,1
15,53.530310,1,64.0,0.0,64,2,0,0.0,0.0,0.0,0.0,0.0,0.0,0.0,0.0,12.0,50.0,0,0,0,1
12,53.530387,12,64.0,0.0,64,1,0,0.0,0.0,0.0,0.0,0.0,0.0,0.0,0.0,12.0,121.0,0,0,0,1
1,0.001,1,255.0,0.0,255,1,0,0.0,0.0,0.0,0.0,0.0,0.0,0.0,0.0,1.0,437.0,0,0,0,1
9,52.307638,1,55.0,0.0,55,1,0,0.0,1.0,0.0,0.0,0.5555555555555556,0.0,0.0,0.0,0.0,0.0,0,0,1,0
9,52.232007,1,64.0,0.0,64,1,0,0.0,1.0,0.0,0.0,0.4444444444444444,0.0,0.0,0.0,0.0,0.0,0,0,1,0
14,49.275161,2,58.0,0.0,58,1,0,0.0,1.0,0.0,0.0,0.42857142857142855,0.0,0.0,0.0,0.0,0.0,0,0,1,0
12,49.255004,1,64.0,0.0,64,1,0,0.0,1.0,0.0,0.0,0.5,0.0,0.0,0.0,0.0,0.0,0,0,1,0
3,30.238016,1,64.0,0.0,64,1,0,0.0,1.0,0.0,0.0,0.3333333333333333,0.0,0.0,0.0,0.0,0.0,0,0,1,0
3,30.150783,1,52.0,0.0,52,1,0,0.0,1.0,0.0,0.0,0.3333333333333333,0.0,0.0,0.0,0.0,0.0,0,0,1,0
8,39.989498,1,58.0,0.0,58,1,0,0.0,1.0,0.0,0.0,0.375,0.0,0.0,0.0,0.0,0.0,0,0,1,0
6,39.975289,1,64.0,0.0,64,1,0,0.0,1.0,0.0,0.0,0.5,0.0,0.0,0.0,0.0,0.0,0,0,1,0
4,25.097605,1,247.0,0.0,247,1,0,0.0,1.0,0.0,0.0,0.5,0.0,0.0,0.0,0.0,0.0,0,0,1,0
4,25.087001,1,64.0,0.0,64,1,0,0.0,1.0,0.0,0.0,0.5,0.0,0.0,0.0,0.0,0.0,0,0,1,0
23,34.036543,1,64.0,0.0,64,2,0,0.0,0.0,0.0,0.0,0.0,0.0,0.0,0.0,18.0,346.3888888888889,0,0,0,1
48,33.962034,1,55.0,0.0,55,1,0,0.0,0.0,0.0,0.0,0.0,0.0,0.0,0.0,48.0,523.3958333333334,0,0,0,1
1,0.001,1,255.0,0.0,255,1,0,0.0,0.0,0.0,0.0,0.0,0.0,0.0,0.0,1.0,94.0,0,0,0,1
1,0.001,1,64.0,0.0,64,1,0,0.0,1.0,0.0,0.0,0.0,0.0,0.0,0.0,0.0,0.0,0,0,1,0
1,0.001,1,120.0,0.0,120,1,0,0.0,1.0,0.0,0.0,0.0,0.0,0.0,0.0,0.0,0.0,0,0,1,0
6,4.766127,1,64.0,0.0,64,1,0,0.0,0.0,0.0,0.0,0.0,0.0,0.0,0.0,6.0,34.333333333333336,0,0,0,1
6,4.757297,6,64.0,0.0,64,1,0,0.0,0.0,0.0,0.0,0.0,0.0,0.0,0.0,6.0,190.83333333333334,0,0,0,1
34,0.092498,1,64.0,0.0,64,1,0,0.029411764705882353,0.9705882352941176,0.0,0.0,0.17647058823529413,0.0,0.0,0.030303030303030304,0.0,0.0,0,0,1,0
54,0.078625,1,52.0,0.0,52,1,0,0.018518518518518517,1.0,0.0,0.0,0.48148148148148145,0.0,0.0,0.018518518518518517,0.0,0.0,0,0,1,0
17,0.177003,1,64.0,0.0,64,1,0,0.0,0.0,0.0,0.0,0.0,0.0,0.0,0.0,17.0,605.8823529411765,0,0,0,1
18,0.201478,1,59.0,0.0,59,1,0,0.0,0.0,0.0,0.0,0.0,0.0,0.0,0.0,18.0,355.6666666666667,0,0,0,1
59,59.188805,1,64.0,0.0,64,1,0,0.0,0.0,0.0,0.0,0.0,0.0,0.0,0.0,59.0,74.0,0,0,0,1
13,49.173655,2,58.0,0.0,58,1,0,0.0,1.0,0.0,0.0,0.46153846153846156,0.0,0.0,0.0,0.0,0.0,0,0,1,0
12,49.158810,1,64.0,0.0,64,1,0,0.0,1.0,0.0,0.0,0.5,0.0,0.0,0.0,0.0,0.0,0,0,1,0
13,52.842626,1,64.0,0.0,64,2,0,0.0,0.0,0.0,0.0,0.0,0.0,0.0,0.0,12.0,50.0,0,0,0,1
12,52.842611,12,64.0,0.0,64,1,0,0.0,0.0,0.0,0.0,0.0,0.0,0.0,0.0,12.0,121.0,0,0,0,1
13,42.964338,1,55.0,0.0,55,1,0,0.0,1.0,0.0,0.0,0.46153846153846156,0.0,0.0,0.0,0.0,0.0,0,0,1,0
13,42.964295,1,64.0,0.0,64,1,0,0.0,1.0,0.0,0.0,0.5384615384615384,0.0,0.0,0.0,0.0,0.0,0,0,1,0
3,45.247397,1,64.0,0.0,64,1,0,0.0,1.0,0.0,0.0,0.3333333333333333,0.0,0.0,0.0,0.0,0.0,0,0,1,0
3,45.247761,1,52.0,0.0,52,1,0,0.0,1.0,0.0,0.0,0.3333333333333333,0.0,0.0,0.0,0.0,0.0,0,0,1,0
6,39.945028,1,58.0,0.0,58,1,0,0.0,1.0,0.0,0.0,0.5,0.0,0.0,0.0,0.0,0.0,0,0,1,0
6,39.932634,1,64.0,0.0,64,1,0,0.0,1.0,0.0,0.0,0.5,0.0,0.0,0.0,0.0,0.0,0,0,1,0
2,45.079463,1,64.0,0.0,64,1,0,0.0,1.0,0.0,0.0,0.0,0.0,0.0,0.0,0.0,0.0,0,0,1,0
2,45.082507,1,120.0,0.0,120,1,0,0.0,1.0,0.0,0.0,0.0,0.0,0.0,0.0,0.0,0.0,0,0,1,0
1,0.001,0,1.0,0.0,1,1,0,0.0,0.0,0.0,0.0,0.0,0.0,0.0,0.0,0.0,0.0,0,1,0,0
1,0.001,0,1.0,0.0,1,1,0,0.0,0.0,0.0,0.0,0.0,0.0,0.0,0.0,0.0,0.0,0,1,0,0
5,25.100021,1,247.0,0.0,247,1,0,0.0,1.0,0.0,0.0,0.4,0.0,0.0,0.0,0.0,0.0,0,0,1,0
4,25.088167,1,64.0,0.0,64,1,0,0.0,1.0,0.0,0.0,0.5,0.0,0.0,0.0,0.0,0.0,0,0,1,0
11,15.770067,1,255.0,0.0,255,1,0,0.0,0.0,0.0,0.0,0.0,0.0,0.0,0.0,11.0,271.6363636363636,0,0,0,1
7,2.050132,1,255.0,0.0,255,1,0,0.0,0.0,0.0,0.0,0.0,0.0,0.0,0.0,7.0,346.85714285714283,0,0,0,1
2,0.000080,1,64.0,0.0,64,1,0,0.0,0.0,0.0,0.0,0.0,0.0,0.0,0.0,2.0,45.0,0,0,0,1
2,0.001,2,64.0,0.0,64,1,0,0.0,0.0,0.0,0.0,0.0,0.0,0.0,0.0,2.0,79.5,0,0,0,1
11,0.124687,1,64.0,0.0,64,1,0,0.0,0.0,0.0,0.0,0.0,0.0,0.0,0.0,11.0,580.9090909090909,0,0,0,1
15,0.122067,1,59.0,0.0,59,1,0,0.0,0.0,0.0,0.0,0.0,0.0,0.0,0.0,15.0,486.26666666666665,0,0,0,1
59,58.095428,1,64.0,0.0,64,1,0,0.0,0.0,0.0,0.0,0.0,0.0,0.0,0.0,59.0,74.0,0,0,0,1
15,56.013758,1,64.0,0.0,64,2,0,0.0,0.0,0.0,0.0,0.0,0.0,0.0,0.0,13.0,50.0,0,0,0,1
13,56.013740,13,64.0,0.0,64,1,0,0.0,0.0,0.0,0.0,0.0,0.0,0.0,0.0,13.0,121.0,0,0,0,1
1,0.001,1,64.0,0.0,64,1,0,0.0,1.0,0.0,0.0,0.0,0.0,0.0,0.0,0.0,0.0,0,0,1,0
2,33.868465,1,102.0,0.0,102,1,0,0.0,1.0,0.0,0.5,0.0,0.0,0.0,0.0,0.0,0.0,0,0,1,0
3,54.008900,1,64.0,0.0,64,1,0,0.0,0.0,0.0,0.0,0.0,0.0,0.0,0.0,3.0,29.0,0,0,0,1
3,54.015063,1,59.0,0.0,59,1,0,0.0,0.0,0.0,0.0,0.0,0.0,0.0,0.0,3.0,26.0,0,0,0,1
3,45.016525,1,64.0,0.0,64,1,0,0.0,1.0,0.0,0.0,0.0,0.0,0.0,0.0,0.0,0.0,0,0,1,0
3,45.020381,2,58.0,0.0,58,1,0,0.0,1.0,0.0,0.0,0.0,0.0,0.0,0.0,0.0,0.0,0,0,1,0
5,40.141332,1,255.0,0.0,255,1,0,0.0,0.0,0.0,0.0,0.0,0.0,0.0,0.0,5.0,86.8,0,0,0,1
1,0.001,1,255.0,0.0,255,1,0,0.0,0.0,0.0,0.0,0.0,0.0,0.0,0.0,1.0,394.0,0,0,0,1
12,49.242807,2,58.0,0.0,58,1,0,0.0,1.0,0.0,0.0,0.5,0.0,0.0,0.0,0.0,0.0,0,0,1,0
12,49.228993,1,64.0,0.0,64,1,0,0.0,1.0,0.0,0.0,0.5,0.0,0.0,0.0,0.0,0.0,0,0,1,0
47,52.006841,1,55.0,0.0,55,1,0,0.0,1.0,0.0,0.0,0.46808510638297873,0.0,0.0,0.0,0.0,0.0,0,0,1,0
46,51.930169,1,64.0,0.0,64,1,0,0.0,1.0,0.0,0.0,0.5434782608695652,0.0,0.0,0.0,0.0,0.0,0,0,1,0
4,0.013614,1,52.0,0.0,52,1,0,0.0,1.0,0.25,0.0,0.5,0.0,0.0,0.0,0.0,0.0,0,0,1,0
2,0.000321,1,64.0,0.0,64,1,0,0.0,1.0,0.5,0.0,0.0,0.0,0.0,0.0,0.0,0.0,0,0,1,0
3,2.047533,1,255.0,0.0,255,1,0,0.0,0.0,0.0,0.0,0.0,0.0,0.0,0.0,3.0,104.66666666666667,0,0,0,1
7,42.701403,1,255.0,0.0,255,1,0,0.0,0.0,0.0,0.0,0.0,0.0,0.0,0.0,7.0,376.2857142857143,0,0,0,1
4,15.383725,1,64.0,0.0,64,1,0,0.0,0.0,0.0,0.0,0.0,0.0,0.0,0.0,4.0,34.5,0,0,0,1
4,15.379022,4,64.0,0.0,64,1,0,0.0,0.0,0.0,0.0,0.0,0.0,0.0,0.0,4.0,179.75,0,0,0,1
10,0.154963,1,64.0,0.0,64,1,0,0.0,0.0,0.0,0.0,0.0,0.0,0.0,0.0,10.0,467.7,0,0,0,1
14,0.149872,1,57.0,0.0,57,1,0,0.0,0.0,0.0,0.0,0.0,0.0,0.0,0.0,14.0,420.14285714285717,0,0,0,1
3,13.107822,1,64.0,0.0,64,1,0,0.0,1.0,0.0,0.0,0.3333333333333333,0.0,0.0,0.0,0.0,0.0,0,0,1,0
3,13.011087,1,50.0,0.0,50,1,0,0.0,1.0,0.0,0.0,0.3333333333333333,0.0,0.0,0.0,0.0,0.0,0,0,1,0
6,39.948171,1,58.0,0.0,58,1,0,0.0,1.0,0.0,0.0,0.5,0.0,0.0,0.0,0.0,0.0,0,0,1,0
6,39.937132,1,64.0,0.0,64,1,0,0.0,1.0,0.0,0.0,0.5,0.0,0.0,0.0,0.0,0.0,0,0,1,0
27,40.448308,1,179.74074074074073,115.98230790771262,255,1,0,0.0,0.0,0.0,0.0,0.0,0.0,0.0,0.0,27.0,46.111111111111114,0,0,0,1
16,40.550762,1,255.0,0.0,255,1,0,0.0,0.0,0.0,0.0,0.0,0.0,0.0,0.0,16.0,176.0,0,0,0,1
1,0.001,1,64.0,0.0,64,1,0,0.0,1.0,0.0,0.0,0.0,0.0,0.0,0.0,0.0,0.0,0,0,1,0
1,0.001,1,120.0,0.0,120,1,0,0.0,1.0,0.0,0.0,0.0,0.0,0.0,0.0,0.0,0.0,0,0,1,0
4,25.104487,1,247.0,0.0,247,1,0,0.0,1.0,0.0,0.0,0.5,0.0,0.0,0.0,0.0,0.0,0,0,1,0
4,25.089356,1,64.0,0.0,64,1,0,0.0,1.0,0.0,0.0,0.5,0.0,0.0,0.0,0.0,0.0,0,0,1,0
3,0.000119,1,64.0,0.0,64,1,0,0.0,1.0,0.0,0.0,0.3333333333333333,0.0,0.0,0.0,0.0,0.0,0,0,1,0
3,0.000959,1,50.0,0.0,50,1,0,0.0,1.0,0.0,0.0,0.0,0.0,0.0,0.0,0.0,0.0,0,0,1,0
2,29.932811,1,128.0,0.0,128,1,0,0.0,0.0,0.0,0.0,0.0,0.0,0.0,0.0,2.0,44.0,0,0,0,1
20,0.171429,1,64.0,0.0,64,1,0,0.0,0.0,0.0,0.0,0.0,0.0,0.0,0.0,20.0,693.0,0,0,0,1
20,0.194293,1,60.0,0.0,60,1,0,0.0,0.0,0.0,0.0,0.0,0.0,0.0,0.0,20.0,446.6,0,0,0,1
29,35.640624,1,55.0,0.0,55,1,0,0.0,1.0,0.0,0.0,0.4482758620689655,0.0,0.0,0.0,0.0,0.0,0,0,1,0
59,58.163927,1,64.0,0.0,64,1,0,0.0,0.0,0.0,0.0,0.0,0.0,0.0,0.0,59.0,74.0,0,0,0,1
14,57.566191,1,64.0,0.0,64,2,0,0.0,0.0,0.0,0.0,0.0,0.0,0.0,0.0,13.0,50.0,0,0,0,1
13,57.566302,13,64.0,0.0,64,1,0,0.0,0.0,0.0,0.0,0.0,0.0,0.0,0.0,13.0,121.0,0,0,0,1
6,40.053629,1,58.0,0.0,58,1,0,0.0,1.0,0.0,0.0,0.5,0.0,0.0,0.0,0.0,0.0,0,0,1,0
6,40.042066,1,64.0,0.0,64,1,0,0.0,1.0,0.0,0.0,0.5,0.0,0.0,0.0,0.0,0.0,0,0,1,0
15,50.854772,2,58.0,0.0,58,1,0,0.0,1.0,0.0,0.0,0.4,0.0,0.0,0.0,0.0,0.0,0,0,1,0
12,50.843041,1,64.0,0.0,64,1,0,0.0,1.0,0.0,0.0,0.5,0.0,0.0,0.0,0.0,0.0,0,0,1,0
6,22.323280,1,55.0,0.0,55,1,0,0.0,0.0,0.0,0.0,0.0,0.0,0.0,0.0,6.0,71.0,0,0,0,1
3,22.323329,0,64.0,0.0,64,1,0,0.0,0.0,0.0,0.0,0.0,0.0,0.0,0.0,0.0,0.0,1,0,0,0
28,31.854651,1,64.0,0.0,64,1,0,0.0,1.0,0.0,0.0,0.5357142857142857,0.0,0.0,0.0,0.0,0.0,0,0,1,0
6,30.118681,2,58.0,0.0,58,1,0,0.0,1.0,0.3333333333333333,0.0,0.3333333333333333,0.0,0.0,0.0,0.0,0.0,0,0,1,0
6,30.106649,1,64.0,0.0,64,1,0,0.0,1.0,0.3333333333333333,0.0,0.0,0.0,0.0,0.0,0.0,0.0,0,0,1,0
5,25.099918,1,247.0,0.0,247,1,0,0.0,1.0,0.0,0.0,0.4,0.0,0.0,0.0,0.0,0.0,0,0,1,0
4,25.088651,1,64.0,0.0,64,1,0,0.0,1.0,0.0,0.0,0.5,0.0,0.0,0.0,0.0,0.0,0,0,1,0
8,25.418880,1,255.0,0.0,255,1,0,0.0,0.0,0.0,0.0,0.0,0.0,0.0,0.0,8.0,311.0,0,0,0,1
3,17.591852,1,64.0,0.0,64,1,0,0.0,1.0,0.0,0.0,0.3333333333333333,0.0,0.0,0.0,0.0,0.0,0,0,1,0
3,17.502815,1,50.0,0.0,50,1,0,0.0,1.0,0.0,0.0,0.3333333333333333,0.0,0.0,0.0,0.0,0.0,0,0,1,0
1,0.001,1,64.0,0.0,64,1,0,0.0,1.0,0.0,0.0,0.0,0.0,0.0,0.0,0.0,0.0,0,0,1,0
1,0.001,1,120.0,0.0,120,1,0,0.0,1.0,0.0,0.0,0.0,0.0,0.0,0.0,0.0,0.0,0,0,1,0
1,0.001,1,64.0,0.0,64,1,0,0.0,1.0,0.0,0.0,0.0,0.0,0.0,0.0,0.0,0.0,0,0,1,0
1,0.001,1,52.0,0.0,52,1,0,0.0,1.0,0.0,0.0,0.0,0.0,0.0,0.0,0.0,0.0,0,0,1,0
4,0.022848,1,64.0,0.0,64,1,0,0.0,0.0,0.0,0.0,0.0,0.0,0.0,0.0,4.0,33.0,0,0,0,1
4,0.023698,4,64.0,0.0,64,1,0,0.0,0.0,0.0,0.0,0.0,0.0,0.0,0.0,4.0,176.25,0,0,0,1
22,0.166556,1,64.0,0.0,64,1,0,0.0,0.0,0.0,0.0,0.0,0.0,0.0,0.0,22.0,611.0,0,0,0,1
23,0.189824,1,59.0,0.0,59,1,0,0.0,0.0,0.0,0.0,0.0,0.0,0.0,0.0,23.0,382.39130434782606,0,0,0,1
3,2.048347,1,255.0,0.0,255,1,0,0.0,0.0,0.0,0.0,0.0,0.0,0.0,0.0,3.0,126.66666666666667,0,0,0,1
4,2.017967,1,255.0,0.0,255,1,0,0.0,0.0,0.0,0.0,0.0,0.0,0.0,0.0,4.0,328.0,0,0,0,1
58,59.192721,1,64.0,0.0,64,1,0,0.0,0.0,0.0,0.0,0.0,0.0,0.0,0.0,58.0,74.0,0,0,0,1
20,56.915952,1,64.0,0.0,64,2,0,0.0,0.0,0.0,0.0,0.0,0.0,0.0,0.0,13.0,50.0,0,0,0,1
13,56.916117,13,64.0,0.0,64,1,0,0.0,0.0,0.0,0.0,0.0,0.0,0.0,0.0,13.0,121.0,0,0,0,1
10,44.628978,1,255.0,0.0,255,1,0,0.0,0.0,0.0,0.0,0.0,0.0,0.0,0.0,10.0,182.5,0,0,0,1
9,50.215428,1,247.0,0.0,247,1,0,0.0,1.0,0.0,0.0,0.3333333333333333,0.0,0.0,0.0,0.0,0.0,0,0,1,0
6,50.197211,1,64.0,0.0,64,1,0,0.0,1.0,0.0,0.0,0.5,0.0,0.0,0.0,0.0,0.0,0,0,1,0
7,39.908629,1,58.0,0.0,58,1,0,0.0,1.0,0.0,0.0,0.42857142857142855,0.0,0.0,0.0,0.0,0.0,0,0,1,0
6,39.896522,1,64.0,0.0,64,1,0,0.0,1.0,0.0,0.0,0.5,0.0,0.0,0.0,0.0,0.0,0,0,1,0
13,50.868704,2,58.0,0.0,58,1,0,0.0,1.0,0.0,0.0,0.46153846153846156,0.0,0.0,0.0,0.0,0.0,0,0,1,0
12,50.856269,1,64.0,0.0,64,1,0,0.0,1.0,0.0,0.0,0.5,0.0,0.0,0.0,0.0,0.0,0,0,1,0
2,0.000566,1,64.0,0.0,64,1,0,0.0,0.0,0.0,0.0,0.0,0.0,0.0,0.0,2.0,211.0,0,0,0,1
13,37.009555,1,64.0,0.0,64,1,0,0.0,1.0,0.0,0.0,0.46153846153846156,0.0,0.0,0.0,0.0,0.0,0,0,1,0
13,37.005991,1,55.0,0.0,55,1,0,0.0,1.0,0.0,0.0,0.5384615384615384,0.0,0.0,0.0,0.0,0.0,0,0,1,0
1,0.001,1,64.0,0.0,64,1,0,0.0,1.0,0.0,0.0,0.0,0.0,0.0,0.0,0.0,0.0,0,0,1,0
1,0.001,1,120.0,0.0,120,1,0,0.0,1.0,0.0,0.0,0.0,0.0,0.0,0.0,0.0,0.0,0,0,1,0
14,27.667184,1,64.0,0.0,64,1,0,0.0,0.0,0.0,0.0,0.0,0.0,0.0,0.0,14.0,39.642857142857146,0,0,0,1
14,27.661074,14,64.0,0.0,64,1,0,0.0,0.0,0.0,0.0,0.0,0.0,0.0,0.0,14.0,148.64285714285714,0,0,0,1
47,10.348260,1,64.0,0.0,64,1,0,0.0851063829787234,0.9148936170212766,0.0851063829787234,0.0,0.2765957446808511,0.0,0.0,0.09302325581395349,0.0,0.0,0,0,1,0
53,10.350663,4,119.39622641509433,0.9181528347619954,119,1,0,0.07547169811320754,1.0,0.07547169811320754,0.0,0.3584905660377358,0.0,0.0,0.07547169811320754,0.0,0.0,0,0,1,0
3,1.535976,1,128.0,0.0,128,1,0,0.0,0.0,0.0,0.0,0.0,0.0,0.0,0.0,3.0,50.0,0,0,0,1
10,0.163594,1,64.0,0.0,64,1,0,0.0,0.0,0.0,0.0,0.0,0.0,0.0,0.0,10.0,442.7,0,0,0,1
13,0.160174,1,59.0,0.0,59,1,0,0.0,0.0,0.0,0.0,0.0,0.0,0.0,0.0,13.0,436.0769230769231,0,0,0,1
11,15.780107,1,64.0,0.0,64,1,0,0.09090909090909091,0.8181818181818182,0.09090909090909091,0.09090909090909091,0.2727272727272727,0.0,0.0,0.1111111111111111,0.0,0.0,0,0,1,0
10,15.688938,2,51.4,0.9165151389911679,50,1,0,0.1,1.0,0.1,0.0,0.3,0.0,0.0,0.1,0.0,0.0,0,0,1,0
18,0.363521,1,64.0,0.0,64,1,0,0.0,0.0,0.0,0.0,0.0,0.0,0.0,0.0,18.0,346.1111111111111,0,0,0,1
36,0.327759,1,55.0,0.0,55,1,0,0.0,0.0,0.0,0.0,0.0,0.0,0.0,0.0,36.0,677.7222222222222,0,0,0,1
22,13.369138,1,64.0,0.0,64,1,0,0.0,0.0,0.0,0.0,0.0,0.0,0.0,0.0,22.0,658.3636363636364,0,0,0,1
19,13.393072,1,59.0,0.0,59,1,0,0.0,0.0,0.0,0.0,0.0,0.0,0.0,0.0,19.0,446.8421052631579,0,0,0,1
63,2.602786,1,64.0,0.0,64,1,0,0.06349206349206349,0.9365079365079365,0.09523809523809523,0.0,0.30158730158730157,0.0,0.0,0.06779661016949153,0.0,0.0,0,0,1,0
48,2.528382,4,50.0,0.0,50,1,0,0.08333333333333333,1.0,0.08333333333333333,0.0,0.4166666666666667,0.0,0.0,0.08333333333333333,0.0,0.0,0,0,1,0
10,0.125560,1,64.0,0.0,64,1,0,0.0,0.0,0.0,0.0,0.0,0.0,0.0,0.0,10.0,513.7,0,0,0,1
13,0.124791,1,60.0,0.0,60,1,0,0.0,0.0,0.0,0.0,0.0,0.0,0.0,0.0,13.0,468.53846153846155,0,0,0,1
39,0.078188,1,64.0,0.0,64,1,0,0.02564102564102564,0.9743589743589743,0.0,0.0,0.15384615384615385,0.0,0.0,0.02631578947368421,0.0,0.0,0,0,1,0
61,0.066913,1,52.0,0.0,52,1,0,0.01639344262295082,1.0,0.0,0.0,0.5081967213114754,0.0,0.0,0.01639344262295082,0.0,0.0,0,0,1,0
2,1.023968,1,1.0,0.0,1,1,0,0.0,0.0,0.0,0.0,0.0,0.0,0.0,0.0,2.0,39.0,0,0,0,1
3,1.536549,1,128.0,0.0,128,1,0,0.0,0.0,0.0,0.0,0.0,0.0,0.0,0.0,3.0,50.0,0,0,0,1
2,0.000022,1,64.0,0.0,64,2,0,0.0,0.0,0.0,0.0,0.0,0.0,0.0,0.0,1.0,146.0,0,0,0,1
4,7.001867,1,255.0,0.0,255,1,0,0.0,0.0,0.0,0.0,0.0,0.0,0.0,0.0,4.0,220.0,0,0,0,1
4,7.001982,1,255.0,0.0,255,1,0,0.0,0.0,0.0,0.0,0.0,0.0,0.0,0.0,4.0,220.0,0,0,0,1
8,6.965575,1,64.0,0.0,64,1,1,0.0,0.0,0.0,0.0,0.0,0.0,0.0,0.0,8.0,74.0,0,0,0,1
1,0.001,1,64.0,0.0,64,1,1,0.0,0.0,0.0,0.0,0.0,0.0,0.0,0.0,1.0,29.0,0,0,0,1
1,0.001,1,60.0,0.0,60,1,1,0.0,0.0,0.0,0.0,0.0,0.0,0.0,0.0,1.0,26.0,0,0,0,1
2,0.053218,1,58.0,0.0,58,1,1,0.0,1.0,0.0,0.0,0.5,0.0,0.0,0.0,0.0,0.0,0,0,1,0
2,0.000232,1,64.0,0.0,64,1,1,0.0,1.0,0.0,0.0,0.5,0.0,0.0,0.0,0.0,0.0,0,0,1,0
2,0.443340,1,64.0,0.0,64,2,1,0.0,0.0,0.0,0.0,0.0,0.0,0.0,0.0,1.0,50.0,0,0,0,1
1,0.001,1,64.0,0.0,64,1,1,0.0,0.0,0.0,0.0,0.0,0.0,0.0,0.0,1.0,121.0,0,0,0,1
1,0.001,1,64.0,0.0,64,1,1,0.0,0.0,0.0,0.0,0.0,0.0,0.0,0.0,1.0,43.0,0,0,0,1
1,0.001,1,64.0,0.0,64,1,1,0.0,0.0,0.0,0.0,0.0,0.0,0.0,0.0,1.0,43.0,0,0,0,1
1,0.001,1,255.0,0.0,255,1,1,0.0,0.0,0.0,0.0,0.0,0.0,0.0,0.0,1.0,247.0,0,0,0,1
8,6.963300,1,64.0,0.0,64,1,1,0.0,0.0,0.0,0.0,0.0,0.0,0.0,0.0,8.0,74.0,0,0,0,1
2,0.013185,1,58.0,0.0,58,1,1,0.0,1.0,0.0,0.0,0.5,0.0,0.0,0.0,0.0,0.0,0,0,1,0
2,0.000125,1,64.0,0.0,64,1,1,0.0,1.0,0.0,0.0,0.5,0.0,0.0,0.0,0.0,0.0,0,0,1,0
2,0.014100,1,58.0,0.0,58,1,1,0.0,1.0,0.0,0.0,0.5,0.0,0.0,0.0,0.0,0.0,0,0,1,0
2,0.000111,1,64.0,0.0,64,1,1,0.0,1.0,0.0,0.0,0.5,0.0,0.0,0.0,0.0,0.0,0,0,1,0
1,0.001,1,64.0,0.0,64,1,1,0.0,1.0,0.0,0.0,0.0,0.0,0.0,0.0,0.0,0.0,0,0,1,0
1,0.001,1,52.0,0.0,52,1,1,0.0,1.0,0.0,0.0,0.0,0.0,0.0,0.0,0.0,0.0,0,0,1,0
1,0.001,1,64.0,0.0,64,1,1,0.0,0.0,0.0,0.0,0.0,0.0,0.0,0.0,1.0,43.0,0,0,0,1
2,0.035593,1,64.0,0.0,64,2,1,0.0,0.0,0.0,0.0,0.0,0.0,0.0,0.0,0.0,0.0,1,0,0,0
1,0.001,1,64.0,0.0,64,1,1,0.0,0.0,0.0,0.0,0.0,0.0,0.0,0.0,1.0,43.0,0,0,0,1
1,0.001,1,64.0,0.0,64,1,1,0.0,0.0,0.0,0.0,0.0,0.0,0.0,0.0,1.0,121.0,0,0,0,1
2,0.013674,1,247.0,0.0,247,1,1,0.0,1.0,0.0,0.0,0.5,0.0,0.0,0.0,0.0,0.0,0,0,1,0
2,0.000692,1,64.0,0.0,64,1,1,0.0,1.0,0.0,0.0,0.5,0.0,0.0,0.0,0.0,0.0,0,0,1,0
2,0.010790,1,58.0,0.0,58,1,1,0.0,1.0,0.0,0.0,0.5,0.0,0.0,0.0,0.0,0.0,0,0,1,0
2,0.000137,1,64.0,0.0,64,1,1,0.0,1.0,0.0,0.0,0.5,0.0,0.0,0.0,0.0,0.0,0,0,1,0
8,6.963217,1,64.0,0.0,64,1,1,0.0,0.0,0.0,0.0,0.0,0.0,0.0,0.0,8.0,74.0,0,0,0,1
4,4.026252,1,55.0,0.0,55,1,1,0.0,1.0,0.0,0.0,0.5,0.0,0.0,0.0,0.0,0.0,0,0,1,0
4,3.945156,1,64.0,0.0,64,1,1,0.0,1.0,0.0,0.0,0.5,0.0,0.0,0.0,0.0,0.0,0,0,1,0
7,0.735177,1,64.0,0.0,64,1,1,0.0,0.0,0.0,0.0,0.0,0.0,0.0,0.0,7.0,38.285714285714285,0,0,0,1
2,0.734787,0,64.0,0.0,64,1,1,0.0,0.0,0.0,0.0,0.0,0.0,0.0,0.0,0.0,0.0,1,0,0,0
7,0.727469,7,64.0,0.0,64,1,1,0.0,0.0,0.0,0.0,0.0,0.0,0.0,0.0,7.0,142.28571428571428,0,0,0,1
2,0.614379,1,128.0,0.0,128,1,1,0.0,0.0,0.0,0.0,0.0,0.0,0.0,0.0,2.0,315.0,0,0,0,1
9,1.433739,1,128.0,0.0,128,1,1,0.0,0.0,0.0,0.0,0.0,0.0,0.0,0.0,9.0,68.0,0,0,0,1
2,0.000001,1,1.0,0.0,1,1,1,0.0,0.0,0.0,0.0,0.0,0.0,0.0,0.0,2.0,44.0,0,0,0,1
3,0.012778,1,247.0,0.0,247,1,1,0.0,1.0,0.0,0.0,0.3333333333333333,0.0,0.0,0.0,0.0,0.0,0,0,1,0
2,0.000680,1,64.0,0.0,64,1,1,0.0,1.0,0.0,0.0,0.5,0.0,0.0,0.0,0.0,0.0,0,0,1,0
401,0.006938,201,56.276807980049874,8.96686534415932,51,1,1,0.5012468827930174,0.49875311720698257,0.0,0.49875311720698257,0.0,0.0,0.0,1.005,0.0,0.0,0,0,1,0
401,0.007851,201,56.062344139650875,9.114872530001524,50,1,1,0.5012468827930174,0.49875311720698257,0.0,0.49875311720698257,0.0,0.0,0.0,1.005,0.0,0.0,0,0,1,0
401,0.006968,201,55.885286783042396,9.364165152726166,40,1,1,0.5012468827930174,0.49875311720698257,0.0,0.49875311720698257,0.0,0.0,0.0,1.005,0.0,0.0,0,0,1,0
401,0.005587,201,55.97256857855361,9.302977060084535,49,1,1,0.5012468827930174,0.49875311720698257,0.0,0.49875311720698257,0.0,0.0,0.0,1.005,0.0,0.0,0,0,1,0
4,4.497823,1,64.0,0.0,64,2,1,0.0,0.0,0.0,0.0,0.0,0.0,0.0,0.0,2.0,50.0,0,0,0,1
2,4.497746,2,64.0,0.0,64,1,1,0.0,0.0,0.0,0.0,0.0,0.0,0.0,0.0,2.0,121.0,0,0,0,1
2,0.013604,1,58.0,0.0,58,1,1,0.0,1.0,0.0,0.0,0.5,0.0,0.0,0.0,0.0,0.0,0,0,1,0
2,0.000104,1,64.0,0.0,64,1,1,0.0,1.0,0.0,0.0,0.5,0.0,0.0,0.0,0.0,0.0,0,0,1,0
2,0.016085,1,58.0,0.0,58,1,1,0.0,1.0,0.0,0.0,0.5,0.0,0.0,0.0,0.0,0.0,0,0,1,0
2,0.000133,1,64.0,0.0,64,1,1,0.0,1.0,0.0,0.0,0.5,0.0,0.0,0.0,0.0,0.0,0,0,1,0
6,6.041225,1,64.0,0.0,64,1,1,0.0,0.0,0.0,0.0,0.0,0.0,0.0,0.0,6.0,74.0,0,0,0,1
3,3.009536,2,64.0,0.0,64,1,1,0.0,0.0,0.0,0.0,0.0,0.0,0.0,0.0,3.0,128.66666666666666,0,0,0,1
3,3.006537,3,64.0,0.0,64,1,1,0.0,0.0,0.0,0.0,0.0,0.0,0.0,0.0,3.0,128.66666666666666,0,0,0,1
7,4.709740,1,55.0,0.0,55,1,1,0.0,1.0,0.0,0.0,0.42857142857142855,0.0,0.0,0.0,0.0,0.0,0,0,1,0
6,4.632317,1,64.0,0.0,64,1,1,0.0,1.0,0.0,0.0,0.6666666666666666,0.0,0.0,0.0,0.0,0.0,0,0,1,0
